slug,company_name,title,location,remote,url,created_at,tags,job_types,salary
head-of-data-science-and-analytics-berlin-436199,ZENJOB,Head of Data Science and Analytics (f/m/d),"Berlin, Berlin, Germany",False,https://www.arbeitnow.com/jobs/companies/zenjob/head-of-data-science-and-analytics-berlin-436199,1752734716,,,
remote-evening-weekend-contract-therapist-369212,Talkspace Remote Therapist Roles,Evening/Weekend Contract Therapist,Remote,True,https://www.arbeitnow.com/jobs/companies/talkspace-remote-therapist-roles/remote-evening-weekend-contract-therapist-369212,1752709516,,,
trainee-intelligence-solutions-cologne-18521,Everstream Analytics,"Trainee, Intelligence Solutions (m/f/d)","Cologne, North Rhine-Westphalia, Germany",False,https://www.arbeitnow.com/jobs/companies/everstream-analytics/trainee-intelligence-solutions-cologne-18521,1752698717,,,
teamleiter-kurzfristplanung-berlin-40876,Flix,Teamleiter Kurzfristplanung (m/w/d),"Berlin, Berlin, Germany",False,https://www.arbeitnow.com/jobs/companies/flix/teamleiter-kurzfristplanung-berlin-40876,1752698715,,,
freelance-study-coordinator-oncology-clinical-trials-berlin-352103,Clariness,Freelance - Study Coordinator (Oncology / Clinical Trials),"Berlin, Berlin, Germany",False,https://www.arbeitnow.com/jobs/companies/clariness/freelance-study-coordinator-oncology-clinical-trials-berlin-352103,1752698714,,,
senior-accountant-all-genders-general-ledger-berlin-252345,Urban Sports Club,(Senior) Accountant (all genders) - General Ledger,"Berlin, Berlin, Germany",False,https://www.arbeitnow.com/jobs/companies/urban-sports-club/senior-accountant-all-genders-general-ledger-berlin-252345,1752673513,,,
scooters-mechanic-munich-38985,Bolt Technology,Scooters Mechanic,"Munich, Bavaria, Germany",False,https://www.arbeitnow.com/jobs/companies/bolt-technology/scooters-mechanic-munich-38985,1752673513,,,
payments-back-office-analyst-berlin-5120,Wolt - English,Payments Back Office Analyst,"Berlin, Berlin, Germany",False,https://www.arbeitnow.com/jobs/companies/wolt-english/payments-back-office-analyst-berlin-5120,1752673511,,,
grocery-associate-hamburg-491865,Wolt - English,Grocery Associate,"Hamburg, Hamburg, Germany",False,https://www.arbeitnow.com/jobs/companies/wolt-english/grocery-associate-hamburg-491865,1752673511,,,
seo-managerin-remote-18-monatiger-vertrag-deutschsprachig-berlin-123530,ZENJOB,"SEO Manager*in (Remote, 18-monatiger Vertrag) – Deutschsprachig (w/m/d)","Berlin, Berlin, Germany",False,https://www.arbeitnow.com/jobs/companies/zenjob/seo-managerin-remote-18-monatiger-vertrag-deutschsprachig-berlin-123530,1752648314,,,
payroll-associate-german-speaker-berlin-241495,Wolt - English,Payroll Associate - German Speaker,"Berlin, Berlin, Germany",False,https://www.arbeitnow.com/jobs/companies/wolt-english/payroll-associate-german-speaker-berlin-241495,1752612312,,,
post-onboarding-success-specialist-leipzig-5667,Wolt - English,Post-Onboarding Success Specialist,"Leipzig, Saxony, Germany",False,https://www.arbeitnow.com/jobs/companies/wolt-english/post-onboarding-success-specialist-leipzig-5667,1752612312,,,
senior-manager-compliance-merchant-systems-berlin-445717,Wolt - English,"Senior Manager, Compliance Merchant Systems","Berlin, Berlin, Germany",False,https://www.arbeitnow.com/jobs/companies/wolt-english/senior-manager-compliance-merchant-systems-berlin-445717,1752612312,,,
senior-devops-engineer-berlin-49331,Conductor LLC,Senior DevOps Engineer (f/m/d),"Berlin, Berlin, Germany",False,https://www.arbeitnow.com/jobs/companies/conductor-llc/senior-devops-engineer-berlin-49331,1752612311,,,
vp-sales-business-development-berlin-223679,Rulemapping Group GmbH,VP Sales & Business Development (d/w/m),Berlin,False,https://www.arbeitnow.com/jobs/companies/rulemapping-group-gmbh/vp-sales-business-development-berlin-223679,1752588544,"Management, Team Leader",teamleitung,
e-commerce-content-manager-german-speaking-hamburg-78457,OLIVER Agency,E-Commerce Content Manager (German speaking),"Hamburg, Hamburg, Germany",False,https://www.arbeitnow.com/jobs/companies/oliver-agency/e-commerce-content-manager-german-speaking-hamburg-78457,1752587115,,,
java-software-engineer-all-genders-berlin-germany-441797,simplesurance,"Java Software Engineer (all genders) - Berlin, Germany","Berlin, Berlin, Germany",False,https://www.arbeitnow.com/jobs/companies/simplesurance/java-software-engineer-all-genders-berlin-germany-441797,1752587114,,,
retail-onboarding-team-lead-german-speaking-berlin-473557,Wolt - English,Retail Onboarding Team Lead - German Speaking,"Berlin, Berlin, Germany",False,https://www.arbeitnow.com/jobs/companies/wolt-english/retail-onboarding-team-lead-german-speaking-berlin-473557,1752587114,,,
payroll-associate-german-speaker-berlin-408216,Wolt - English,Payroll Associate - German Speaker,"Berlin, Berlin, Germany",False,https://www.arbeitnow.com/jobs/companies/wolt-english/payroll-associate-german-speaker-berlin-408216,1752587114,,,
remote-sales-promoter-achim-417893,Maytronics,Sales Promoter,Achim,True,https://www.arbeitnow.com/jobs/companies/maytronics/remote-sales-promoter-achim-417893,1752568930,Remote,Full-time,
travel-specialist-for-china-german-speaking-berlin-248573,Ventura TRAVEL,Travel Specialist for China (German Speaking),"Berlin, Berlin, Germany",False,https://www.arbeitnow.com/jobs/companies/ventura-travel/travel-specialist-for-china-german-speaking-berlin-248573,1752561912,,,
senior-account-manager-hamburg-49640,OLIVER Agency,Senior Account Manager (w/m/d),"Hamburg, Hamburg, Germany",False,https://www.arbeitnow.com/jobs/companies/oliver-agency/senior-account-manager-hamburg-49640,1752561912,,,
lokfuhrer-stuttgart-449065,Flix,Lokführer (m/w/d),"Stuttgart, Baden-Württemberg, Germany",False,https://www.arbeitnow.com/jobs/companies/flix/lokfuhrer-stuttgart-449065,1752525912,,,
lokfuhrer-berlin-302070,Flix,Lokführer (m/w/d),"Berlin, Berlin, Germany",False,https://www.arbeitnow.com/jobs/companies/flix/lokfuhrer-berlin-302070,1752525912,,,
lokfuhrer-berlin-480873,Flix,Lokführer (m/w/d),"Berlin, Berlin, Germany",False,https://www.arbeitnow.com/jobs/companies/flix/lokfuhrer-berlin-480873,1752525912,,,
lokfuhrer-cologne-265953,Flix,Lokführer (m/w/d),"Cologne, North Rhine-Westphalia, Germany",False,https://www.arbeitnow.com/jobs/companies/flix/lokfuhrer-cologne-265953,1752525912,,,
lokfuhrer-frankfurt-72720,Flix,Lokführer (m/w/d),"Frankfurt, Hesse, Germany",False,https://www.arbeitnow.com/jobs/companies/flix/lokfuhrer-frankfurt-72720,1752525912,,,
project-coordinator-berlin-458091,Flix,Project Coordinator (m/w/d),"Berlin, Berlin, Germany",False,https://www.arbeitnow.com/jobs/companies/flix/project-coordinator-berlin-458091,1752525912,,,
project-manager-infrastrukturentwicklung-berlin-312972,Flix,Project Manager Infrastrukturentwicklung (m/w/d),"Berlin, Berlin, Germany",False,https://www.arbeitnow.com/jobs/companies/flix/project-manager-infrastrukturentwicklung-berlin-312972,1752525912,,,
project-manager-berlin-154523,Flix,Project Manager (m/w/d),"Berlin, Berlin, Germany",False,https://www.arbeitnow.com/jobs/companies/flix/project-manager-berlin-154523,1752525912,,,
principal-engineer-train-tech-berlin-468770,Flix,Principal Engineer - Train Tech (m/f/d),"Berlin, Berlin, Germany",False,https://www.arbeitnow.com/jobs/companies/flix/principal-engineer-train-tech-berlin-468770,1752525912,,,
remote-freelance-tech-instructor-data-software-german-speaking-berlin-103966,Masterschool,Freelance Tech Instructor – Data/ Software (German Speaking)),Berlin,True,https://www.arbeitnow.com/jobs/companies/masterschool/remote-freelance-tech-instructor-data-software-german-speaking-berlin-103966,1752504132,Remote,Part time,
platform-technical-support-french-speaking-munich-301307,Apaleo,Platform Technical Support (f/m/d)- French Speaking,"Munich, Bavaria, Germany",False,https://www.arbeitnow.com/jobs/companies/apaleo/platform-technical-support-french-speaking-munich-301307,1752500713,,,
outbound-sales-representative-german-speaking-berlin-412665,SumUp,Outbound Sales Representative (German-speaking),"Berlin, Berlin, Germany",False,https://www.arbeitnow.com/jobs/companies/sumup/outbound-sales-representative-german-speaking-berlin-412665,1752500712,,,
talent-acquisition-field-sales-1-year-ftc-berlin-134927,SumUp,Talent Acquisition - Field Sales (1 year FTC),"Berlin, Berlin, Germany",False,https://www.arbeitnow.com/jobs/companies/sumup/talent-acquisition-field-sales-1-year-ftc-berlin-134927,1752500712,,,
aussendienstmitarbeiter-berlin-89241,SumUp,Außendienstmitarbeiter (m/w/d),"Berlin, Berlin, Germany",False,https://www.arbeitnow.com/jobs/companies/sumup/aussendienstmitarbeiter-berlin-89241,1752500712,,,
founders-associate-gtm-at-ai-startup-internship-working-student-berlin-51873,apistemic,Founder's Associate GTM at AI Startup (Internship / Working Student),Berlin,True,https://www.arbeitnow.com/jobs/companies/apistemic/founders-associate-gtm-at-ai-startup-internship-working-student-berlin-51873,1752500344,"Remote, Business Development","Internship, professional / experienced",
mietenbuchhalter-oranienburg-14852,GS Company GmbH & Co. KG,Mietenbuchhalter (m/w/d),Oranienburg,False,https://www.arbeitnow.com/jobs/companies/gs-company-gmbh-co-kg/mietenbuchhalter-oranienburg-14852,1752500344,Finance,,
softwareentwickler-swe-c-hennigsdorf-360105,GS Company GmbH & Co. KG,Softwareentwickler SWE C++ (m/w/d),Hennigsdorf,False,https://www.arbeitnow.com/jobs/companies/gs-company-gmbh-co-kg/softwareentwickler-swe-c-hennigsdorf-360105,1752500344,Software Development,,
elektroniker-anlagentechnik-auch-quereinstieg-oranienburg-331910,GS Company GmbH & Co. KG,Elektroniker (m/w/d) Anlagentechnik - auch Quereinstieg,Oranienburg,False,https://www.arbeitnow.com/jobs/companies/gs-company-gmbh-co-kg/elektroniker-anlagentechnik-auch-quereinstieg-oranienburg-331910,1752500344,Engineering,,
affiliate-marketing-manager-in-einer-besonderen-online-marketing-agentur-cologne-96869,morefire GmbH,Affiliate Marketing Manager (m/w/d) in einer besonderen Online Marketing Agentur,Cologne,False,https://www.arbeitnow.com/jobs/companies/morefire-gmbh/affiliate-marketing-manager-in-einer-besonderen-online-marketing-agentur-cologne-96869,1752500344,Marketing Manager,berufserfahren,
steuerberater-in-leipzig-auf-wunsch-mit-partnerperspektive-gesucht-mindestens-90000eur-163076,Taxtalente.de,"Steuerberater (m/w/d) in Leipzig , auf Wunsch mit Partnerperspektive, gesucht - mindestens 90.000€",Leipzig,False,https://www.arbeitnow.com/jobs/companies/taxtalentede/steuerberater-in-leipzig-auf-wunsch-mit-partnerperspektive-gesucht-mindestens-90000eur-163076,1752500344,"Directors, Chief Executives",,
people-operations-generalist-hamburg-240431,The Information Lab Deutschland GmbH,People Operations Generalist (w/m/d),Hamburg,False,https://www.arbeitnow.com/jobs/companies/the-information-lab-deutschland-gmbh/people-operations-generalist-hamburg-240431,1752500344,Recruitment and Selection,berufserfahren,
einstiegsqualifizierungsjahr-eq-mediengestalter-stuttgart-227342,Agentur Anmut GmbH,Einstiegsqualifizierungsjahr (EQ) Mediengestalter (m/w/d),Stuttgart,False,https://www.arbeitnow.com/jobs/companies/agentur-anmut-gmbh/einstiegsqualifizierungsjahr-eq-mediengestalter-stuttgart-227342,1752500344,Web Development,"Apprenticeship, berufseinstieg",
produktionscontroller-o-produktcontroller-mit-2-tagen-homeoffice-stuttgart-239820,Fischer & Partner Gesellschaft für Personal mbH,Produktionscontroller o. Produktcontroller (w/m/d) mit 2 Tagen Homeoffice,Stuttgart,False,https://www.arbeitnow.com/jobs/companies/fischer-partner-gesellschaft-fur-personal-mbh/produktionscontroller-o-produktcontroller-mit-2-tagen-homeoffice-stuttgart-239820,1752500344,Controlling,berufserfahren,
personalleiter-inkl-entgeltabrechnung-fur-kleines-team-bei-top-arbeitgeber-waiblingen-177043,Fischer & Partner Gesellschaft für Personal mbH,Personalleiter (w/m/d) inkl. Entgeltabrechnung für kleines Team bei top Arbeitgeber!,Waiblingen,False,https://www.arbeitnow.com/jobs/companies/fischer-partner-gesellschaft-fur-personal-mbh/personalleiter-inkl-entgeltabrechnung-fur-kleines-team-bei-top-arbeitgeber-waiblingen-177043,1752500344,"Management, Team Leader",berufserfahren,
werkstudent-grafikdesign-augsburg-131964,exali AG,Werkstudent (m/w/d) Grafikdesign,Augsburg,False,https://www.arbeitnow.com/jobs/companies/exali-ag/werkstudent-grafikdesign-augsburg-131964,1752500344,Online Marketing,"Working student, berufseinstieg",
head-of-group-marketing-leiter-marketing-aschaffenburg-300302,Recruitment - Green Life,Head of Group Marketing / Leiter Marketing (m/w/d),Aschaffenburg,False,https://www.arbeitnow.com/jobs/companies/recruitment-green-life/head-of-group-marketing-leiter-marketing-aschaffenburg-300302,1752500344,Marketing Manager,,
content-social-media-specialist-hamburg-279093,The Information Lab Deutschland GmbH,Content & Social Media Specialist (w/m/d),Hamburg,False,https://www.arbeitnow.com/jobs/companies/the-information-lab-deutschland-gmbh/content-social-media-specialist-hamburg-279093,1752500344,Social Media Manager,,
technischer-sachbearbeiter-engineering-eggenfelden-241070,univativ GmbH,Technischer Sachbearbeiter (m/w/d) Engineering,Eggenfelden,False,https://www.arbeitnow.com/jobs/companies/univativ-gmbh/technischer-sachbearbeiter-engineering-eggenfelden-241070,1752500344,Engineering,,
tech-lead-cloud-infrastructure-munich-188832,Tangany GmbH,Tech Lead - Cloud Infrastructure (f/m/d),Munich,False,https://www.arbeitnow.com/jobs/companies/tangany-gmbh/tech-lead-cloud-infrastructure-munich-188832,1752500344,Engineering,manager,
it-dispatcher-stuttgart-451710,audius SE,IT Dispatcher (m/w/d),Stuttgart,False,https://www.arbeitnow.com/jobs/companies/audius-se/it-dispatcher-stuttgart-451710,1752500344,IT,berufserfahren,
release-manager-cologne-83479,Bank-Verlag GmbH,Release Manager (m/w/d),Cologne,False,https://www.arbeitnow.com/jobs/companies/bank-verlag-gmbh/release-manager-cologne-83479,1752500344,IT,berufserfahren,
finance-manager-ai-roll-up-monchengladbach-368974,COTINGA,Finance Manager - AI Roll-up (m/f/d),Mönchengladbach,True,https://www.arbeitnow.com/jobs/companies/cotinga/finance-manager-ai-roll-up-monchengladbach-368974,1752500344,"Remote, Controlling",,
junior-it-support-specialist-in-voll-oder-teilzeit-aachen-113859,AMO GmbH,(Junior-) IT-Support Specialist (m/w/d) in Voll- oder Teilzeit,Aachen,False,https://www.arbeitnow.com/jobs/companies/amo-gmbh/junior-it-support-specialist-in-voll-oder-teilzeit-aachen-113859,1752496744,IT,berufseinstieg,
sap-solution-architect-finance-dusseldorf-346931,dr. Fuchs Personalberatung KG,SAP Solution Architect Finance (w/m/d),Düsseldorf,False,https://www.arbeitnow.com/jobs/companies/dr-fuchs-personalberatung-kg/sap-solution-architect-finance-dusseldorf-346931,1752496744,Finance,,
hr-assistant-nuremberg-453428,itestra GmbH,HR Assistant,Nuremberg,False,https://www.arbeitnow.com/jobs/companies/itestra-gmbh/hr-assistant-nuremberg-453428,1752496743,HR,berufseinstieg,
trainees-als-it-trainer-heidelberg-99489,GFN GmbH,Trainees (m/w/x) als IT-Trainer (m/w/x),Heidelberg,True,https://www.arbeitnow.com/jobs/companies/gfn-gmbh/trainees-als-it-trainer-heidelberg-99489,1752496743,"Remote, Training, Development",hilfstätigkeit / student,
sap-cs-service-management-consultant-remote-in-deutschland-dusseldorf-98659,Recruit 121 Group,SAP CS/Service Management Consultant (m/w/d) Remote in Deutschland,Düsseldorf,True,https://www.arbeitnow.com/jobs/companies/recruit-121-group/sap-cs-service-management-consultant-remote-in-deutschland-dusseldorf-98659,1752496743,"Remote, Business Consulting",berufserfahren,
social-media-marketing-managerin-werkstudentin-teilzeit-praktikum-co-founder-style-berlin-195389,eszett Handelskontor GmbH,Social Media & Marketing Managerin  (Werkstudentin / Teilzeit / Praktikum/ Co-Founder-Style),Berlin,False,https://www.arbeitnow.com/jobs/companies/eszett-handelskontor-gmbh/social-media-marketing-managerin-werkstudentin-teilzeit-praktikum-co-founder-style-berlin-195389,1752496743,Social Media Manager,,
fachinformatiker-it-service-desk-peine-332686,"ATLAS TITAN Mitte GmbH, Zweitniederlassung",Fachinformatiker IT Service Desk (w/m/d),Peine,False,https://www.arbeitnow.com/jobs/companies/atlas-titan-mitte-gmbh-zweitniederlassung/fachinformatiker-it-service-desk-peine-332686,1752496743,Business Development,berufserfahren,
sap-consultant-stuttgart-356506,univativ GmbH,SAP Consultant (m/w/d),Stuttgart,False,https://www.arbeitnow.com/jobs/companies/univativ-gmbh/sap-consultant-stuttgart-356506,1752496743,IT,,
junior-account-manager-hamburg-365777,KNSK,(Junior) Account Manager (m/w/d),Hamburg,False,https://www.arbeitnow.com/jobs/companies/knsk/junior-account-manager-hamburg-365777,1752496743,Project Management,berufserfahren,
leiterin-statik-tragwerksplanung-stuttgart-423909,MPS ARCHONIC Group GmbH,Leiter:in Statik / Tragwerksplanung (m/w/d),Stuttgart,False,https://www.arbeitnow.com/jobs/companies/mps-archonic-group-gmbh/leiterin-statik-tragwerksplanung-stuttgart-423909,1752496743,"Management, Team Leader",teamleitung,
stabsstelle-unternehmensarchitektur-ceo-unterstutzung-remote-mit-regelmassigen-personlichen-meetings-am-niederrhein-oder-im-ruhrgebiet-gudo-303685,Cloudiax AG,Stabsstelle Unternehmensarchitektur & CEO-Unterstützung (m/w/d) Remote (mit regelmäßigen persönlichen Meetings am Niederrhein oder im Ruhrgebiet),Gudow,True,https://www.arbeitnow.com/jobs/companies/cloudiax-ag/stabsstelle-unternehmensarchitektur-ceo-unterstutzung-remote-mit-regelmassigen-personlichen-meetings-am-niederrhein-oder-im-ruhrgebiet-gudo-303685,1752493143,"Remote, Management, Team Leader",berufseinstieg,
shopify-web-developer-schwabisch-hall-309976,Solakon GmbH,Shopify Web Developer (m/w/d),Schwäbisch Hall,True,https://www.arbeitnow.com/jobs/companies/solakon-gmbh/shopify-web-developer-schwabisch-hall-309976,1752493143,"Remote, Web Development",,
it-systemadministrator-schwabisch-hall-127528,Solakon GmbH,IT-Systemadministrator (m/w/d),Schwäbisch Hall,True,https://www.arbeitnow.com/jobs/companies/solakon-gmbh/it-systemadministrator-schwabisch-hall-127528,1752493143,"Remote, System and Network Administration",,
steuerberater-in-dresden-auf-wunsch-mit-partnerperspektive-gesucht-mindestens-90000eur-233455,Taxtalente.de,"Steuerberater (m/w/d) in Dresden, auf Wunsch mit Partnerperspektive, gesucht - mindestens 90.000€",Dresden,False,https://www.arbeitnow.com/jobs/companies/taxtalentede/steuerberater-in-dresden-auf-wunsch-mit-partnerperspektive-gesucht-mindestens-90000eur-233455,1752493143,"Directors, Chief Executives",,
steuerberater-fur-digitale-kanzlei-trier-295175,Schwertfels Consulting GmbH,Steuerberater (m/w/d) für Digitale Kanzlei,Trier,False,https://www.arbeitnow.com/jobs/companies/schwertfels-consulting-gmbh/steuerberater-fur-digitale-kanzlei-trier-295175,1752493143,Finance,,
prufungsassistent-mit-struktur-zum-erfolg-karlsruhe-324594,Schwertfels Consulting GmbH,Prüfungsassistent (m/w/d) - Mit Struktur zum Erfolg,Karlsruhe,False,https://www.arbeitnow.com/jobs/companies/schwertfels-consulting-gmbh/prufungsassistent-mit-struktur-zum-erfolg-karlsruhe-324594,1752493143,Finance,,
steuerberater-perspektive-in-einer-modernen-kanzlei-stuttgart-72737,Schwertfels Consulting GmbH,Steuerberater (m/w/d) - Perspektive in einer modernen Kanzlei,Stuttgart,False,https://www.arbeitnow.com/jobs/companies/schwertfels-consulting-gmbh/steuerberater-perspektive-in-einer-modernen-kanzlei-stuttgart-72737,1752493143,Finance,,
ingenieur-sitzentwicklung-stuttgart-176916,univativ GmbH,Ingenieur (m/w/d) Sitzentwicklung,Stuttgart,False,https://www.arbeitnow.com/jobs/companies/univativ-gmbh/ingenieur-sitzentwicklung-stuttgart-176916,1752493143,Engineering,,
freundlicher-it-systemadministrator-gesucht-cologne-461736,Intercon Solutions GmbH,Freundlicher IT Systemadministrator  (m/w/d) gesucht,Cologne,False,https://www.arbeitnow.com/jobs/companies/intercon-solutions-gmbh/freundlicher-it-systemadministrator-gesucht-cologne-461736,1752493143,System and Network Administration,,
pfiffiger-it-systemadministrator-gesucht-dusseldorf-36768,Intercon Solutions GmbH,Pfiffiger IT Systemadministrator  (m/w/d) gesucht,Düsseldorf,False,https://www.arbeitnow.com/jobs/companies/intercon-solutions-gmbh/pfiffiger-it-systemadministrator-gesucht-dusseldorf-36768,1752493143,System and Network Administration,,
sap-gts-team-lead-dusseldorf-56891,Recruit 121 Group,SAP GTS Team Lead,Düsseldorf,True,https://www.arbeitnow.com/jobs/companies/recruit-121-group/sap-gts-team-lead-dusseldorf-56891,1752493143,"Remote, Management, Team Leader",teamleitung,
werkstudentin-it-administration-all-full-remote-hamburg-183796,Sonia Solutions,Werkstudent:in IT Administration (all) - full remote,Hamburg,True,https://www.arbeitnow.com/jobs/companies/sonia-solutions/werkstudentin-it-administration-all-full-remote-hamburg-183796,1752493143,"Remote, Helpdesk","Working student, berufseinstieg",
sap-gts-consultant-dusseldorf-22538,Recruit 121 Group,SAP GTS Consultant,Düsseldorf,True,https://www.arbeitnow.com/jobs/companies/recruit-121-group/sap-gts-consultant-dusseldorf-22538,1752493143,"Remote, Business Consulting",berufserfahren,
werkstudentin-creative-design-marketing-memmingen-58578,AssetEnergy GmbH,Werkstudent:in Creative Design & Marketing (m/w/d),Memmingen,False,https://www.arbeitnow.com/jobs/companies/assetenergy-gmbh/werkstudentin-creative-design-marketing-memmingen-58578,1752493143,Marketing and Communication,hilfstätigkeit / student,
systementwickler-fahrzeugsicherheit-stuttgart-217843,univativ GmbH,Systementwickler (m/w/d) Fahrzeugsicherheit,Stuttgart,False,https://www.arbeitnow.com/jobs/companies/univativ-gmbh/systementwickler-fahrzeugsicherheit-stuttgart-217843,1752489544,Engineering,,
senior-software-engineer-garching-483864,HvS-Consulting GmbH,(Senior) Software Engineer (m/w/d),Garching,False,https://www.arbeitnow.com/jobs/companies/hvs-consulting-gmbh/senior-software-engineer-garching-483864,1752489544,Software Development,,
praktikant-werkstudent-mergers-acquisitions-grosstenteils-remote-umgebung-koln-dusseldorf-cologne-112068,RH Diagnostik & Therapie GmbH,Praktikant / Werkstudent (m/w/d) Mergers & Acquisitions | Größtenteils Remote Umgebung Köln/Düsseldorf,Cologne,False,https://www.arbeitnow.com/jobs/companies/rh-diagnostik-therapie-gmbh/praktikant-werkstudent-mergers-acquisitions-grosstenteils-remote-umgebung-koln-dusseldorf-cologne-112068,1752489544,Mergers & Acquisitions,"Working student, berufseinstieg",
mitarbeiterin-customer-support-customer-success-munich-298658,cureVision GmbH,Mitarbeiter*in (m/w/d) Customer Support/Customer Success,Munich,False,https://www.arbeitnow.com/jobs/companies/curevision-gmbh/mitarbeiterin-customer-support-customer-success-munich-298658,1752489544,Customer Service,,
cloud-engineer-bielefeld-461401,Pertemps ERP,Cloud Engineer,Bielefeld,False,https://www.arbeitnow.com/jobs/companies/pertemps-erp/cloud-engineer-bielefeld-461401,1752489544,System and Network Administration,berufserfahren,
product-owner-mit-ui-ux-erfahrung-stutensee-37695,NDT Global,Product Owner (m/w/d) mit UI/UX-Erfahrung,Stutensee,False,https://www.arbeitnow.com/jobs/companies/ndt-global/product-owner-mit-ui-ux-erfahrung-stutensee-37695,1752489544,Software Development,berufserfahren,
crm-manager-frankfurt-488626,Oatsome GmbH,CRM Manager (m/w/d),Frankfurt,False,https://www.arbeitnow.com/jobs/companies/oatsome-gmbh/crm-manager-frankfurt-488626,1752489544,"CRM, Direct Marketing",berufserfahren,
full-stack-developer-b2b-saas-hamburg-217655,toern GmbH,Full Stack Developer  - B2B SaaS (m/f/d),Hamburg,False,https://www.arbeitnow.com/jobs/companies/toern-gmbh/full-stack-developer-b2b-saas-hamburg-217655,1752489544,IT,,
personaldisponent-in-celle-380757,Annette Hoppmann Consulting,Personaldisponent (m/w/d) in Celle,Celle,False,https://www.arbeitnow.com/jobs/companies/annette-hoppmann-consulting/personaldisponent-in-celle-380757,1752489544,Recruitment and Selection,berufserfahren,
junior-finanzberater-dortmund-36139,Consilium Vermögensmanagement GmbH,Junior Finanzberater (m/w/d),Dortmund,False,https://www.arbeitnow.com/jobs/companies/consilium-vermogensmanagement-gmbh/junior-finanzberater-dortmund-36139,1752489544,"Asset, Fonds Management",,
abteilungsleiter-controlling-bad-oldesloe-371347,CTG Consulting GmbH,Abteilungsleiter Controlling (m/w/d),Bad Oldesloe,False,https://www.arbeitnow.com/jobs/companies/ctg-consulting-gmbh/abteilungsleiter-controlling-bad-oldesloe-371347,1752489544,Controlling,teamleitung,
niederlassungsleiter-in-celle-424615,Annette Hoppmann Consulting,Niederlassungsleiter (m/w/d) in Celle,Celle,False,https://www.arbeitnow.com/jobs/companies/annette-hoppmann-consulting/niederlassungsleiter-in-celle-424615,1752489544,Recruitment and Selection,,
kundenservice-profi-gesucht-frankfurt-348741,GOIO Data GmbH,Kundenservice-Profi (m/d/w) gesucht!,Frankfurt,False,https://www.arbeitnow.com/jobs/companies/goio-data-gmbh/kundenservice-profi-gesucht-frankfurt-348741,1752489544,Customer Service,,
working-student-hr-16-18eur-std-dusseldorf-245605,Jobluck GmbH,Working Student | HR [16-18€ / Std.],Düsseldorf,False,https://www.arbeitnow.com/jobs/companies/jobluck-gmbh/working-student-hr-16-18eur-std-dusseldorf-245605,1752489544,Recruitment and Selection,"Working student, hilfstätigkeit / student",
edi-consultant-karlsruhe-243807,freedos IT GmbH,EDI-Consultant (m/w/d),Karlsruhe,False,https://www.arbeitnow.com/jobs/companies/freedos-it-gmbh/edi-consultant-karlsruhe-243807,1752489544,"Consulting, Engineering",,
technical-lead-teamlead-engineering-schwerin-194656,arztkonsultation ak GmbH,Technical Lead & Teamlead Engineering (m/w/d),Schwerin,True,https://www.arbeitnow.com/jobs/companies/arztkonsultation-ak-gmbh/technical-lead-teamlead-engineering-schwerin-194656,1752489544,"Remote, Software Development",teamleitung,
amazon-marketplace-manager-munich-12676,Start To Finish Consulting GmbH,Amazon Marketplace Manager (m/w/d),Munich,False,https://www.arbeitnow.com/jobs/companies/start-to-finish-consulting-gmbh/amazon-marketplace-manager-munich-12676,1752489544,Marketing Manager,,
steuerberater-in-bonn-auf-wunsch-mit-partnerperspektive-gesucht-mindestens-90000eur-198281,Taxtalente.de,"Steuerberater (m/w/d) in Bonn, auf Wunsch mit Partnerperspektive, gesucht - mindestens 90.000€",Bonn,False,https://www.arbeitnow.com/jobs/companies/taxtalentede/steuerberater-in-bonn-auf-wunsch-mit-partnerperspektive-gesucht-mindestens-90000eur-198281,1752489544,"Directors, Chief Executives",,
senior-java-entwickler-frankfurt-175867,Convaris GmbH,Senior Java Entwickler (m/w/d),Frankfurt,False,https://www.arbeitnow.com/jobs/companies/convaris-gmbh/senior-java-entwickler-frankfurt-175867,1752489544,Software Development,,
ux-ui-designer-dusseldorf-282918,Rügamer & Steiner Consulting GmbH,UX/UI Designer (m/w/d),Düsseldorf,True,https://www.arbeitnow.com/jobs/companies/rugamer-steiner-consulting-gmbh/ux-ui-designer-dusseldorf-282918,1752489544,"Remote, CRM, Direct Marketing",,
senior-consulting-software-developer-bonn-24133,Qvest Digital AG,Senior Consulting Software Developer (m/w/d),Bonn,True,https://www.arbeitnow.com/jobs/companies/qvest-digital-ag/senior-consulting-software-developer-bonn-24133,1752485944,"Remote, Consulting, Engineering",,
technology-consultant-oder-it-consultant-bonn-405889,Qvest Digital AG,Technology Consultant oder IT Consultant (m/w/d),Bonn,True,https://www.arbeitnow.com/jobs/companies/qvest-digital-ag/technology-consultant-oder-it-consultant-bonn-405889,1752485944,"Remote, Consulting, Engineering",,
senior-backend-developer-frankfurt-57835,Convaris GmbH,Senior Backend Developer (m/w/d),Frankfurt,True,https://www.arbeitnow.com/jobs/companies/convaris-gmbh/senior-backend-developer-frankfurt-57835,1752485944,"Remote, Software Development",,
aws-devops-engineer-hamburg-345525,DIU MarTech Solutions GmbH,AWS DevOps Engineer (m/w/d),Hamburg,False,https://www.arbeitnow.com/jobs/companies/diu-martech-solutions-gmbh/aws-devops-engineer-hamburg-345525,1752485944,"Consulting, Engineering",berufserfahren,
telefonisten-fur-marktforschungsumfragen-gesucht-taunusstein-306094,IFAK Institut GmbH & Co. KG,Telefonisten für Marktforschungsumfragen gesucht (m/w/d),Taunusstein,True,https://www.arbeitnow.com/jobs/companies/ifak-institut-gmbh-co-kg/telefonisten-fur-marktforschungsumfragen-gesucht-taunusstein-306094,1752485944,"Remote, Market Research, Analysis",Side,
steuerberater-perspektive-in-einer-modernen-kanzlei-cologne-304603,Schwertfels Consulting GmbH,Steuerberater (m/w/d) - Perspektive in einer modernen Kanzlei,Cologne,False,https://www.arbeitnow.com/jobs/companies/schwertfels-consulting-gmbh/steuerberater-perspektive-in-einer-modernen-kanzlei-cologne-304603,1752485944,Finance,,
senior-devops-consultant-bonn-247466,Qvest Digital AG,Senior DevOps Consultant (m/w/d),Bonn,True,https://www.arbeitnow.com/jobs/companies/qvest-digital-ag/senior-devops-consultant-bonn-247466,1752485944,"Remote, Consulting, Engineering",,
projektingenieur-elektro-energietechnik-in-dresden-1614-477294,BRÜGGEN ENGINEERING GmbH,Projektingenieur (w/w/d) Elektro-/Energietechnik in Dresden (1614),Dresden,False,https://www.arbeitnow.com/jobs/companies/bruggen-engineering-gmbh/projektingenieur-elektro-energietechnik-in-dresden-1614-477294,1752485944,Engineering,,
software-developer-ai-backend-developer-berlin-124535,AXO Track GmbH,Software Developer AI - Backend-Developer (m/f/d),Berlin,False,https://www.arbeitnow.com/jobs/companies/axo-track-gmbh/software-developer-ai-backend-developer-berlin-124535,1752485944,Software Development,berufserfahren,
kyc-uberwachung-kundenkommunikation-frankfurt-327620,univativ GmbH,KYC-Überwachung & Kundenkommunikation (m/w/d),Frankfurt,False,https://www.arbeitnow.com/jobs/companies/univativ-gmbh/kyc-uberwachung-kundenkommunikation-frankfurt-327620,1752482344,Finance,,
bauingenieur-architekt-fur-infrastrukturprojekte-salzgitter-158780,ATLAS TITAN Ost GmbH,Bauingenieur/Architekt (m/w/d) für Infrastrukturprojekte,Salzgitter,False,https://www.arbeitnow.com/jobs/companies/atlas-titan-ost-gmbh/bauingenieur-architekt-fur-infrastrukturprojekte-salzgitter-158780,1752482344,Engineering,,
founding-engineer-employee-2-berlin-245359,Kinetic,Founding Engineer (Employee #2),Berlin,False,https://www.arbeitnow.com/jobs/companies/kinetic/founding-engineer-employee-2-berlin-245359,1752482344,Software Development,professional / experienced,
kampagnenmanagerin-social-recruiting-hamburg-286221,VisionActive GmbH,Kampagnenmanager:in Social Recruiting,Hamburg,False,https://www.arbeitnow.com/jobs/companies/visionactive-gmbh/kampagnenmanagerin-social-recruiting-hamburg-286221,1752482344,Online Marketing,berufserfahren,
technischer-mitarbeiter-im-kfz-sachverstandigenburo-braunschweig-344474,Kfz-Sachverständigenbüro Heiko Schamp,Technischer Mitarbeiter (m/w/d) im Kfz-Sachverständigenbüro,Braunschweig,False,https://www.arbeitnow.com/jobs/companies/kfz-sachverstandigenburo-heiko-schamp/technischer-mitarbeiter-im-kfz-sachverstandigenburo-braunschweig-344474,1752482344,Customer Service,,
ausbildung-zum-fachinformatiker-fachrichtung-anwendungsentwicklung-start-2025-aachen-451407,Theis Consult GmbH,Ausbildung zum Fachinformatiker (m/w/d) - Fachrichtung Anwendungsentwicklung - Start 2025,Aachen,False,https://www.arbeitnow.com/jobs/companies/theis-consult-gmbh/ausbildung-zum-fachinformatiker-fachrichtung-anwendungsentwicklung-start-2025-aachen-451407,1752482344,IT,Apprenticeship,
labormitarbeiter-fur-poc-testsysteme-in-mannheim-1634-375569,BRÜGGEN ENGINEERING GmbH,Labormitarbeiter (m/w/d) für PoC-Testsysteme in Mannheim (1634),Mannheim,False,https://www.arbeitnow.com/jobs/companies/bruggen-engineering-gmbh/labormitarbeiter-fur-poc-testsysteme-in-mannheim-1634-375569,1752482344,Engineering,,
konstrukteur-fur-sprinkleranlagen-in-mannheim-1323-261,BRÜGGEN ENGINEERING GmbH,Konstrukteur (m/w/d) für Sprinkleranlagen in Mannheim (1323),Mannheim,False,https://www.arbeitnow.com/jobs/companies/bruggen-engineering-gmbh/konstrukteur-fur-sprinkleranlagen-in-mannheim-1323-261,1752482344,Engineering,,
full-stack-net-senior-entwickler-blaustein-141403,artiso solutions GmbH,Full-Stack .NET Senior Entwickler m/w/d,Blaustein,False,https://www.arbeitnow.com/jobs/companies/artiso-solutions-gmbh/full-stack-net-senior-entwickler-blaustein-141403,1752482344,Software Development,berufserfahren,
projektmanager-sap-successfactors-wiesloch-334268,univativ GmbH,Projektmanager (m/w/d)  SAP SuccessFactors,Wiesloch,False,https://www.arbeitnow.com/jobs/companies/univativ-gmbh/projektmanager-sap-successfactors-wiesloch-334268,1752482344,IT,,
werkstudent-im-bereich-personalentwicklung-frankenthal-288821,univativ GmbH,Werkstudent (m/w/d)  im Bereich Personalentwicklung,Frankenthal,False,https://www.arbeitnow.com/jobs/companies/univativ-gmbh/werkstudent-im-bereich-personalentwicklung-frankenthal-288821,1752482344,HR,,
werkstudent-marketing-frankenthal-357083,univativ GmbH,Werkstudent (m/w/d) Marketing,Frankenthal,False,https://www.arbeitnow.com/jobs/companies/univativ-gmbh/werkstudent-marketing-frankenthal-357083,1752482344,Marketing and Communication,,
junior-elektrotechniker-transport-und-verkehr-salzgitter-426035,univativ GmbH,(Junior) Elektrotechniker (m/w/d) Transport und Verkehr,Salzgitter,False,https://www.arbeitnow.com/jobs/companies/univativ-gmbh/junior-elektrotechniker-transport-und-verkehr-salzgitter-426035,1752482344,Engineering,,
augenoptiker-meisterin-als-customer-success-managerin-remote-rheinland-pfalz-hessen-frankfurt-munich-285743,ocumeda GmbH,Augenoptiker/meister:in als Customer Success Manager:in (m/f/d) / Remote Rheinland-Pfalz / Hessen / Frankfurt,Munich,True,https://www.arbeitnow.com/jobs/companies/ocumeda-gmbh/augenoptiker-meisterin-als-customer-success-managerin-remote-rheinland-pfalz-hessen-frankfurt-munich-285743,1752482344,"Remote, Customer Service",teamleitung,
test-automation-engineer-nuremberg-42172,SimplyTest GmbH,Test Automation Engineer (m/w/d),Nuremberg,True,https://www.arbeitnow.com/jobs/companies/simplytest-gmbh/test-automation-engineer-nuremberg-42172,1752478743,"Remote, Quality Assurance, Inspection",berufserfahren,
meister-techniker-automatisierung-springe-40868,NES Global Deutschland GmbH / NES Fircroft,Meister / Techniker (m/w/d) Automatisierung,Springe,False,https://www.arbeitnow.com/jobs/companies/nes-global-deutschland-gmbh-nes-fircroft/meister-techniker-automatisierung-springe-40868,1752478743,Engineering,,
rpg-entwickler-wir-suchen-dich-frankfurt-371867,Intercon Solutions GmbH,RPG - Entwickler (m/w/d) - WIR SUCHEN DICH!,Frankfurt,False,https://www.arbeitnow.com/jobs/companies/intercon-solutions-gmbh/rpg-entwickler-wir-suchen-dich-frankfurt-371867,1752471544,IT,,
rpg-entwickler-wir-suchen-dich-wiesbaden-48145,Intercon Solutions GmbH,RPG - Entwickler (m/w/d) - WIR SUCHEN DICH!,Wiesbaden,False,https://www.arbeitnow.com/jobs/companies/intercon-solutions-gmbh/rpg-entwickler-wir-suchen-dich-wiesbaden-48145,1752471544,IT,,
erfahrener-rpg-entwickler-gesucht-mainz-246994,Intercon Solutions GmbH,Erfahrener RPG-Entwickler (m/w/d) gesucht,Mainz,False,https://www.arbeitnow.com/jobs/companies/intercon-solutions-gmbh/erfahrener-rpg-entwickler-gesucht-mainz-246994,1752471544,IT,,
erfahrener-rpg-entwickler-gesucht-frankfurt-381624,Intercon Solutions GmbH,Erfahrener RPG-Entwickler (m/w/d) gesucht,Frankfurt,False,https://www.arbeitnow.com/jobs/companies/intercon-solutions-gmbh/erfahrener-rpg-entwickler-gesucht-frankfurt-381624,1752471544,IT,,
erfahrener-rpg-entwickler-gesucht-wiesbaden-9249,Intercon Solutions GmbH,Erfahrener RPG-Entwickler (m/w/d) gesucht,Wiesbaden,False,https://www.arbeitnow.com/jobs/companies/intercon-solutions-gmbh/erfahrener-rpg-entwickler-gesucht-wiesbaden-9249,1752471544,IT,,
rpg-entwickler-wir-suchen-dich-bonn-156074,Intercon Solutions GmbH,RPG - Entwickler (m/w/d) - WIR SUCHEN DICH!,Bonn,False,https://www.arbeitnow.com/jobs/companies/intercon-solutions-gmbh/rpg-entwickler-wir-suchen-dich-bonn-156074,1752471544,IT,,
rpg-entwickler-wir-suchen-dich-bonn-111331,Intercon Solutions GmbH,RPG - Entwickler (m/w/d) - WIR SUCHEN DICH!!,Bonn,False,https://www.arbeitnow.com/jobs/companies/intercon-solutions-gmbh/rpg-entwickler-wir-suchen-dich-bonn-111331,1752471544,Software Development,,
erfahrener-rpg-entwickler-gesucht-bonn-360752,Intercon Solutions GmbH,Erfahrener RPG-Entwickler (m/w/d) gesucht,Bonn,False,https://www.arbeitnow.com/jobs/companies/intercon-solutions-gmbh/erfahrener-rpg-entwickler-gesucht-bonn-360752,1752471544,IT,,
full-stack-developer-fur-zero-trust-security-tool-awareness-plattform-cologne-169667,AJAT GmbH,Full-Stack Developer (m/w/d) für Zero-Trust Security Tool & Awareness-Plattform,Cologne,False,https://www.arbeitnow.com/jobs/companies/ajat-gmbh/full-stack-developer-fur-zero-trust-security-tool-awareness-plattform-cologne-169667,1752446344,Software Development,,
community-manager-berlin-core-team-equity-basiert-unbezahlt-427984,baesh social UG,"Community Manager Berlin (Core Team, Equity-basiert, unbezahlt)",Berlin,True,https://www.arbeitnow.com/jobs/companies/baesh-social-ug/community-manager-berlin-core-team-equity-basiert-unbezahlt-427984,1752442743,"Remote, Management, Team Leader","Contract, manager",
personalsachbearbeiterin-in-siegburg-gesucht-482622,Praxis für Kinder- und Jugendhilfe Iris Schneider GmbH,Personalsachbearbeiterin (m/w/d) in Siegburg gesucht,Siegburg,False,https://www.arbeitnow.com/jobs/companies/praxis-fur-kinder-und-jugendhilfe-iris-schneider-gmbh/personalsachbearbeiterin-in-siegburg-gesucht-482622,1752442743,HR,berufserfahren,
mitarbeiter-qualitatsmanagement-mit-entwicklung-zum-leiter-qualitat-neunkirchen-278364,AS-Talentbridge,Mitarbeiter Qualitätsmanagement mit Entwicklung zum Leiter Qualität (m/w/d),Neunkirchen,False,https://www.arbeitnow.com/jobs/companies/as-talentbridge/mitarbeiter-qualitatsmanagement-mit-entwicklung-zum-leiter-qualitat-neunkirchen-278364,1752431944,Quality Management,,
artist-manager-influencer-manager-mulheim-203661,Lionflence,Artist Manager / Influencer Manager (m/w/d),Mülheim,False,https://www.arbeitnow.com/jobs/companies/lionflence/artist-manager-influencer-manager-mulheim-203661,1752428343,Marketing and Communication,,
artist-manager-influencer-manager-berlin-420379,Lionflence,Artist Manager / Influencer Manager (m/w/d) BERLIN,Berlin,False,https://www.arbeitnow.com/jobs/companies/lionflence/artist-manager-influencer-manager-berlin-420379,1752428343,Marketing and Communication,,
influencer-marketing-manager-berlin-260942,Lionflence,Influencer Marketing Manager (m/w/d),Berlin,False,https://www.arbeitnow.com/jobs/companies/lionflence/influencer-marketing-manager-berlin-260942,1752428343,Marketing and Communication,,
senior-artist-manager-influencer-manager-mulheim-131066,Lionflence,Senior Artist Manager / Influencer Manager (m/w/d),Mülheim,False,https://www.arbeitnow.com/jobs/companies/lionflence/senior-artist-manager-influencer-manager-mulheim-131066,1752428343,Marketing and Communication,,
senior-artist-manager-influencer-manager-berlin-50548,Lionflence,Senior Artist Manager / Influencer Manager (m/w/d),Berlin,False,https://www.arbeitnow.com/jobs/companies/lionflence/senior-artist-manager-influencer-manager-berlin-50548,1752428343,Marketing and Communication,,
werkstudentin-im-projektmanagement-fur-e-mail-marketing-remote-hamburg-13919,Heimer Marketing GmbH,Werkstudent:in im Projektmanagement für E-Mail-Marketing (Remote),Hamburg,True,https://www.arbeitnow.com/jobs/companies/heimer-marketing-gmbh/werkstudentin-im-projektmanagement-fur-e-mail-marketing-remote-hamburg-13919,1752424744,"Remote, Marketing and Communication",Working student,
full-stack-software-engineer-munich-315091,Omnisent,Full-stack Software Engineer,Munich,False,https://www.arbeitnow.com/jobs/companies/omnisent/full-stack-software-engineer-munich-315091,1752424744,Engineering,entry,
freelancer-fur-datenerfassung-terminplanung-im-homeoffice-wunstorf-358023,Gesund-Freelancen,Freelancer für Datenerfassung & Terminplanung im Homeoffice,Wunstorf,True,https://www.arbeitnow.com/jobs/companies/gesund-freelancen/freelancer-fur-datenerfassung-terminplanung-im-homeoffice-wunstorf-358023,1752417543,"Remote, Marketing and Communication",Freelance,
webentwicklerin-mit-wordpress-fokus-cologne-185305,plentyLeads GmbH,Webentwickler:in mit Wordpress-Fokus (m/w/d),Cologne,False,https://www.arbeitnow.com/jobs/companies/plentyleads-gmbh/webentwicklerin-mit-wordpress-fokus-cologne-185305,1752413943,Web Development,"Working student, hilfstätigkeit / student",
head-of-product-cologne-280181,JUPUS,Head of Product (m/w/d),Cologne,True,https://www.arbeitnow.com/jobs/companies/jupus/head-of-product-cologne-280181,1752410344,"Remote, Product Management",,
steuerfachangestellter-cologne-55653,kunath Steuerberatungs GmbH,Steuerfachangestellte:r,Cologne,False,https://www.arbeitnow.com/jobs/companies/kunath-steuerberatungs-gmbh/steuerfachangestellter-cologne-55653,1752406744,Finance,berufserfahren,
softwareingenieurin-in-startup-dusseldorf-481420,PacingBuddy,Softwareingenieur:in in Startup,Düsseldorf,True,https://www.arbeitnow.com/jobs/companies/pacingbuddy/softwareingenieurin-in-startup-dusseldorf-481420,1752406744,"Remote, Software Development",berufserfahren,
business-development-teilzeit-werkstudent-freelancer-im-e-commerce-ma-nuremberg-210644,Brandcircle GmbH,Business Development (Teilzeit/Werkstudent/Freelancer) im E-Commerce M&A,Nuremberg,True,https://www.arbeitnow.com/jobs/companies/brandcircle-gmbh/business-development-teilzeit-werkstudent-freelancer-im-e-commerce-ma-nuremberg-210644,1752392343,"Remote, Business Development",,
cloud-software-engineer-munster-8705,wibutler,Cloud Software Engineer (m/w/d),Münster,False,https://www.arbeitnow.com/jobs/companies/wibutler/cloud-software-engineer-munster-8705,1752363544,Software Development,,
product-owner-cloud-connectivity-munster-408566,wibutler,Product Owner (m/w/d) Cloud Connectivity,Münster,False,https://www.arbeitnow.com/jobs/companies/wibutler/product-owner-cloud-connectivity-munster-408566,1752363544,Product Management,,
projektmanager-vertrieb-crm-hamburg-219152,Strategy Core Ventures GmbH,Projektmanager Vertrieb & CRM (m/w/d),Hamburg,False,https://www.arbeitnow.com/jobs/companies/strategy-core-ventures-gmbh/projektmanager-vertrieb-crm-hamburg-219152,1752341944,Business Consulting,,
account-manager-hamburg-303105,Strategy Core Ventures GmbH,Account Manager (m/w/d),Hamburg,False,https://www.arbeitnow.com/jobs/companies/strategy-core-ventures-gmbh/account-manager-hamburg-303105,1752341944,Business Development,berufserfahren,
business-consultant-education-sales-operations-hamburg-456820,Strategy Core Ventures GmbH,Business Consultant Education & Sales Operations (m/w/d),Hamburg,False,https://www.arbeitnow.com/jobs/companies/strategy-core-ventures-gmbh/business-consultant-education-sales-operations-hamburg-456820,1752341943,Business Development,berufseinstieg,
medizinische-kosmetikerin-fur-hautgesundheit-und-apparative-behandlungen-taunusstein-498192,Reviderm Skinmedics Taunus,Medizinische Kosmetiker:in (m/w/d) für Hautgesundheit und apparative Behandlungen,Taunusstein,False,https://www.arbeitnow.com/jobs/companies/reviderm-skinmedics-taunus/medizinische-kosmetikerin-fur-hautgesundheit-und-apparative-behandlungen-taunusstein-498192,1752331144,"Beauty, Wellness",berufserfahren,
werkstudentin-social-media-hamburg-229218,Laori Drinks,Werkstudent:in Social Media (m/w/d),Hamburg,False,https://www.arbeitnow.com/jobs/companies/laori-drinks/werkstudentin-social-media-hamburg-229218,1752331144,Social Media Manager,Working student,
laserspezialistin-fur-dauerhafte-haarentfernung-taunusstein-69751,Reviderm Skinmedics Taunus,Laserspezialist:in (m/w/d) für dauerhafte Haarentfernung,Taunusstein,False,https://www.arbeitnow.com/jobs/companies/reviderm-skinmedics-taunus/laserspezialistin-fur-dauerhafte-haarentfernung-taunusstein-69751,1752331144,"Beauty, Wellness",berufserfahren,
chief-of-staff-fokus-marktlaunch-operations-hamburg-77396,Laori Drinks,Chief of Staff (m/w/d) - Fokus Marktlaunch & Operations,Hamburg,False,https://www.arbeitnow.com/jobs/companies/laori-drinks/chief-of-staff-fokus-marktlaunch-operations-hamburg-77396,1752331144,Business Operations,,
global-health-policy-and-advocacy-manager-ftc-berlin-441457,ONE Germany,Global Health Policy and Advocacy Manager - FTC,"Berlin, Berlin, Germany",False,https://www.arbeitnow.com/jobs/companies/one-germany/global-health-policy-and-advocacy-manager-ftc-berlin-441457,1752327914,,,
global-health-policy-and-advocacy-manager-ftc-berlin-460325,ONE Campaign,Global Health Policy and Advocacy Manager - FTC,"Berlin, Berlin, Germany",False,https://www.arbeitnow.com/jobs/companies/one-campaign/global-health-policy-and-advocacy-manager-ftc-berlin-460325,1752327914,,,
werkstudent-content-erstellung-ki-saas-unternehmen-berlin-99881,Placed Technologies GmbH,Werkstudent Content-Erstellung (m/w/d) - KI SaaS Unternehmen,Berlin,False,https://www.arbeitnow.com/jobs/companies/placed-technologies-gmbh/werkstudent-content-erstellung-ki-saas-unternehmen-berlin-99881,1752327543,IT,Working student,
d365-quality-and-manufacturing-consultant-region-switzerland-on-site-stuttgart-376021,CONCAPE,D365 - Quality and Manufacturing Consultant | Region: Switzerland on-site,Stuttgart,False,https://www.arbeitnow.com/jobs/companies/concape/d365-quality-and-manufacturing-consultant-region-switzerland-on-site-stuttgart-376021,1752323944,IT,,
projektleiterin-nis2-isms-tisax-baiersdorf-75370,VIAMA,Projektleiter:in (m/w/d) NIS2 / ISMS / TISAX,Baiersdorf,False,https://www.arbeitnow.com/jobs/companies/viama/projektleiterin-nis2-isms-tisax-baiersdorf-75370,1752309544,Business Consulting,berufserfahren,
senior-thermal-engineer-munich-3852,Spire,Senior Thermal Engineer,"Munich, Bavaria, Germany",False,https://www.arbeitnow.com/jobs/companies/spire/senior-thermal-engineer-munich-3852,1752302712,,,
senior-investment-controller-pe-pd-funds-trier-36184,coni+partner AG,Senior Investment Controller PE/PD Funds,Trier,False,https://www.arbeitnow.com/jobs/companies/conipartner-ag/senior-investment-controller-pe-pd-funds-trier-36184,1752302343,Controlling,berufserfahren,
shopware-6-experte-fokus-auf-conversion-skalierung-schomberg-222236,Equalice GmbH,Shopware 6 Experte (m/w/d) Fokus auf Conversion & Skalierung,Schömberg,True,https://www.arbeitnow.com/jobs/companies/equalice-gmbh/shopware-6-experte-fokus-auf-conversion-skalierung-schomberg-222236,1752284344,"Remote, Online Marketing",berufserfahren,
praktikum-produktentwicklung-marketing-frankfurt-145231,Wiedergrün,Praktikum Produktentwicklung & Marketing (m/w/d),Frankfurt,False,https://www.arbeitnow.com/jobs/companies/wiedergrun/praktikum-produktentwicklung-marketing-frankfurt-145231,1752277143,Business Development,"Internship, berufseinstieg",
it-infrastructure-specialist-avd-citrix-flensburg-296852,Fahrenberg Recruiting Solutions,IT Infrastructure Specialist (m/w/d) - AVD & Citrix,Flensburg,False,https://www.arbeitnow.com/jobs/companies/fahrenberg-recruiting-solutions/it-infrastructure-specialist-avd-citrix-flensburg-296852,1752269944,IT,berufserfahren,
junior-campaign-manager-dach-berlin-110096,Whalar Group,"Junior Campaign Manager, DACH","Berlin, Berlin, Germany",False,https://www.arbeitnow.com/jobs/companies/whalar-group/junior-campaign-manager-dach-berlin-110096,1752266715,,,
kotlin-back-end-engineer-finance-berlin-142994,Flix,Kotlin Back-end Engineer (m/f/d) - Finance,"Berlin, Berlin, Germany",False,https://www.arbeitnow.com/jobs/companies/flix/kotlin-back-end-engineer-finance-berlin-142994,1752266713,,,
kotlin-web-development-engineer-finance-munich-283806,Flix,Kotlin (web development) Engineer (m/f/d) - Finance,"Munich, Bavaria, Germany",False,https://www.arbeitnow.com/jobs/companies/flix/kotlin-web-development-engineer-finance-munich-283806,1752266713,,,
fpa-intern-berlin-186935,SumUp,FP&A Intern,"Berlin, Germany",False,https://www.arbeitnow.com/jobs/companies/sumup/fpa-intern-berlin-186935,1752266713,,,
revenue-planning-intern-berlin-215831,SumUp,Revenue Planning Intern,"Berlin, Berlin, Germany",False,https://www.arbeitnow.com/jobs/companies/sumup/revenue-planning-intern-berlin-215831,1752266713,,,
sales-development-representative-berlin-284520,Conductor LLC,Sales Development Representative (m/f/d),"Berlin, Berlin, Germany",False,https://www.arbeitnow.com/jobs/companies/conductor-llc/sales-development-representative-berlin-284520,1752266711,,,
remote-senior-solutions-architect-berlin-33955,Automat-it,Senior Solutions Architect,Berlin,True,https://www.arbeitnow.com/jobs/companies/automat-it/remote-senior-solutions-architect-berlin-33955,1752266528,Remote,Full-time,
regionalleiter-personaldienstleistung-raum-stuttgart-484874,Annette Hoppmann Consulting,Regionalleiter (m/w/d) - Personaldienstleistung- Raum Stuttgart,Stuttgart,False,https://www.arbeitnow.com/jobs/companies/annette-hoppmann-consulting/regionalleiter-personaldienstleistung-raum-stuttgart-484874,1752262743,Recruitment and Selection,teamleitung,
frontend-entwickler-giessen-54555,Hailo Digital Hub,Frontend Entwickler (m/w/d),Giessen,False,https://www.arbeitnow.com/jobs/companies/hailo-digital-hub/frontend-entwickler-giessen-54555,1752262743,Software Development,,
buchhalter-nauheim-6043,ZeinPharma Germany GmbH,Buchhalter (m/w/d),Nauheim,False,https://www.arbeitnow.com/jobs/companies/zeinpharma-germany-gmbh/buchhalter-nauheim-6043,1752251944,Finance,,
mitarbeiterin-verwaltung-vollzeit-teilzeit-moglich-potsdam-487726,Brandenburgische Gesellschaft für Kultur und Geschichte gGmbH,"Mitarbeiter:in Verwaltung (Vollzeit, Teilzeit möglich)",Potsdam,False,https://www.arbeitnow.com/jobs/companies/brandenburgische-gesellschaft-fur-kultur-und-geschichte-ggmbh/mitarbeiterin-verwaltung-vollzeit-teilzeit-moglich-potsdam-487726,1752251944,Finance,berufserfahren,
praktikant-grafikdesign-webdesign-pflichtpraktikum-karlsruhe-57030,Sovendus GmbH,Praktikant (m/w/d) Grafikdesign / Webdesign (Pflichtpraktikum),Karlsruhe,True,https://www.arbeitnow.com/jobs/companies/sovendus-gmbh/praktikant-grafikdesign-webdesign-pflichtpraktikum-karlsruhe-57030,1752251944,"Remote, Media, Screen and Web Design","Working student, hilfstätigkeit / student",
it-auditor-munich-334754,Tangany GmbH,IT Auditor (w/m/d),Munich,False,https://www.arbeitnow.com/jobs/companies/tangany-gmbh/it-auditor-munich-334754,1752251944,Auditor,berufserfahren,
senior-cloud-platform-engineer-munich-433894,Tangany GmbH,(Senior) Cloud Platform Engineer (f/m/d),Munich,False,https://www.arbeitnow.com/jobs/companies/tangany-gmbh/senior-cloud-platform-engineer-munich-433894,1752251944,Engineering,professional / experienced,
chief-operations-officer-andechs-421969,Tomorrow Education Group GmbH,Chief Operations Officer (m/w/d),Andechs,True,https://www.arbeitnow.com/jobs/companies/tomorrow-education-group-gmbh/chief-operations-officer-andechs-421969,1752251944,"Remote, Directors, Chief Executives",,
teamleiter-rechnungswesen-und-buchhalter-meissen-198775,PRIME HR Agentur®,Teamleiter Rechnungswesen und Buchhalter (w/m/d),Meissen,False,https://www.arbeitnow.com/jobs/companies/prime-hr-agentur/teamleiter-rechnungswesen-und-buchhalter-meissen-198775,1752251944,Controlling,,
freelance-videographer-hamburg-251958,Triviar Education GmbH,Freelance Videographer (m/w/d),Hamburg,False,https://www.arbeitnow.com/jobs/companies/triviar-education-gmbh/freelance-videographer-hamburg-251958,1752251944,Social Media Manager,Freelance,
devops-engineer-munich-5217,Tangany GmbH,DevOps Engineer (f/m/d),Munich,False,https://www.arbeitnow.com/jobs/companies/tangany-gmbh/devops-engineer-munich-5217,1752251944,Engineering,professional / experienced,
investment-manager-venture-capital-munich-23070,YZR Capital,Investment Manager (Venture Capital),Munich,False,https://www.arbeitnow.com/jobs/companies/yzr-capital/investment-manager-venture-capital-munich-23070,1752251944,Finance,,
founders-associate-werkstudent-in-hamburg-467712,White Label Advisory,Founder´s Associate Werkstudent/in (m/w/d),Hamburg,False,https://www.arbeitnow.com/jobs/companies/white-label-advisory/founders-associate-werkstudent-in-hamburg-467712,1752251944,Business Development,"Working student, hilfstätigkeit / student",
werkstudent-gn-softwareentwicklung-ui-hmi-hamburg-410217,3D.aero GmbH,Werkstudent (gn) Softwareentwicklung UI / HMI,Hamburg,False,https://www.arbeitnow.com/jobs/companies/3daero-gmbh/werkstudent-gn-softwareentwicklung-ui-hmi-hamburg-410217,1752248344,IT,Working student,
analyst-venture-capital-munich-200989,YZR Capital,Analyst (Venture Capital),Munich,False,https://www.arbeitnow.com/jobs/companies/yzr-capital/analyst-venture-capital-munich-200989,1752248344,Finance,,
it-systemberaterin-i-ventopay-gmbh-essen-93139,dailyTalents,IT-Systemberater:in I ventopay GmbH,Essen,False,https://www.arbeitnow.com/jobs/companies/dailytalents/it-systemberaterin-i-ventopay-gmbh-essen-93139,1752248344,"Consulting, Engineering",berufserfahren,
kampagnen-manager-personalberatung-dusseldorf-330032,Karriereweg GmbH,Kampagnen Manager (m/w/d) - Personalberatung,Düsseldorf,False,https://www.arbeitnow.com/jobs/companies/karriereweg-gmbh/kampagnen-manager-personalberatung-dusseldorf-330032,1752248344,Online Marketing,berufserfahren,
headspa-specialist-munich-79400,Verena Huber Friseure,HeadSpa Specialist,Munich,False,https://www.arbeitnow.com/jobs/companies/verena-huber-friseure/headspa-specialist-munich-79400,1752248344,"Beauty, Wellness",berufserfahren,
administrator-dokumentenmanagementsystem-wiesbaden-420017,univativ GmbH,Administrator (m/w/d) Dokumentenmanagementsystem,Wiesbaden,False,https://www.arbeitnow.com/jobs/companies/univativ-gmbh/administrator-dokumentenmanagementsystem-wiesbaden-420017,1752248344,IT,,
account-manager-duisburg-221225,Evoke,Account Manager,Duisburg,False,https://www.arbeitnow.com/jobs/companies/evoke/account-manager-duisburg-221225,1752248344,Business Development,berufserfahren,
it-administrator-rostock-452774,Oehm und Rehbein GmbH,IT Administrator,Rostock,False,https://www.arbeitnow.com/jobs/companies/oehm-und-rehbein-gmbh/it-administrator-rostock-452774,1752248344,IT,berufserfahren,
group-head-media-cooperations-gn-berlin-266920,Bikeleasing-Service GmbH & Co. KG,Group Head Media & Cooperations (gn),Berlin,True,https://www.arbeitnow.com/jobs/companies/bikeleasing-service-gmbh-co-kg/group-head-media-cooperations-gn-berlin-266920,1752248344,"Remote, Marketing and Communication",entry,
symphatischer-frontend-entwickler-angular-im-raum-starnberg-gesucht-226093,Intercon Solutions GmbH,Symphatischer Frontend-Entwickler-Angular (m/w/d) im Raum Starnberg gesucht!,Starnberg,False,https://www.arbeitnow.com/jobs/companies/intercon-solutions-gmbh/symphatischer-frontend-entwickler-angular-im-raum-starnberg-gesucht-226093,1752248344,"SAP/ERP Consulting, Development",,
senior-financial-controller-gn-proptech-berlin-434730,Argus Search GmbH,Senior Financial Controller (gn) - PropTech,Berlin,False,https://www.arbeitnow.com/jobs/companies/argus-search-gmbh/senior-financial-controller-gn-proptech-berlin-434730,1752248344,Controlling,berufserfahren,
technisch-versierter-frontend-entwickler-angular-im-raum-rosenheim-gesucht-181355,Intercon Solutions GmbH,Technisch versierter Frontend-Entwickler-Angular (m/w/d) im Raum Rosenheim gesucht!,Rosenheim,False,https://www.arbeitnow.com/jobs/companies/intercon-solutions-gmbh/technisch-versierter-frontend-entwickler-angular-im-raum-rosenheim-gesucht-181355,1752248344,"SAP/ERP Consulting, Development",,
bankkaufmann-betriebswirt-ba-als-sachbearbeiter-im-middle-office-wertpapiergeschaft-hilden-404512,FINOVESTA GmbH,Bankkaufmann / Betriebswirt (B.A.) (m/w/d) als Sachbearbeiter (m/w/d) im Middle-Office / Wertpapiergeschäft,Hilden,False,https://www.arbeitnow.com/jobs/companies/finovesta-gmbh/bankkaufmann-betriebswirt-ba-als-sachbearbeiter-im-middle-office-wertpapiergeschaft-hilden-404512,1752248344,Finance,berufseinstieg,
manager-senior-hr-business-partner-hamburg-333230,sparkm,Manager / (Senior) HR Business Partner (m/w/d),Hamburg,False,https://www.arbeitnow.com/jobs/companies/sparkm/manager-senior-hr-business-partner-hamburg-333230,1752244743,HR,,
customer-success-manager-freiburg-im-breisgau-431167,Idana AG,Customer Success Manager,Freiburg im Breisgau,True,https://www.arbeitnow.com/jobs/companies/idana-ag/customer-success-manager-freiburg-im-breisgau-431167,1752244743,"Remote, Customer Service",berufserfahren,
junior-finance-manager-munich-354137,BONVENTURE,Junior Finance Manager,Munich,False,https://www.arbeitnow.com/jobs/companies/bonventure/junior-finance-manager-munich-354137,1752244743,Finance,berufseinstieg,
steuerfachwirt-in-flensburg-359391,Methmann & Hansen Steuerberatungsgesellschaft mbH,Steuerfachwirt/in (m/w/d),Flensburg,False,https://www.arbeitnow.com/jobs/companies/methmann-hansen-steuerberatungsgesellschaft-mbh/steuerfachwirt-in-flensburg-359391,1752244743,Finance,,
systems-specialist-iam-stuttgart-316577,univativ GmbH,Systems Specialist (m/w/d) IAM,Stuttgart,False,https://www.arbeitnow.com/jobs/companies/univativ-gmbh/systems-specialist-iam-stuttgart-316577,1752244743,IT,,
bilanzbuchhalter-in-flensburg-29131,Methmann & Hansen Steuerberatungsgesellschaft mbH,Bilanzbuchhalter/in (m/w/d),Flensburg,False,https://www.arbeitnow.com/jobs/companies/methmann-hansen-steuerberatungsgesellschaft-mbh/bilanzbuchhalter-in-flensburg-29131,1752244743,Finance,,
buchhaltung-mwd-berlin-336739,untitled project GmbH,Buchhaltung (mwd),Berlin,False,https://www.arbeitnow.com/jobs/companies/untitled-project-gmbh/buchhaltung-mwd-berlin-336739,1752244743,Finance,berufserfahren,
senior-data-integration-engineer-kafka-cluster-optimierung-refnr-44984-berlin-28944,Wavestone Germany AG,Senior Data Integration Engineer (m/w/d) Kafka-Cluster optimierung (Ref.Nr.: 44984),Berlin,False,https://www.arbeitnow.com/jobs/companies/wavestone-germany-ag/senior-data-integration-engineer-kafka-cluster-optimierung-refnr-44984-berlin-28944,1752244743,IT,"Freelance, professional / experienced",
teamlead-customer-service-cologne-71667,spized GmbH,Teamlead Customer Service (m/w/d),Cologne,False,https://www.arbeitnow.com/jobs/companies/spized-gmbh/teamlead-customer-service-cologne-71667,1752244743,"Management, Team Leader",,
steuerberater-in-dortmund-auf-wunsch-mit-partnerperspektive-gesucht-mindestens-90000eur-202882,Taxtalente.de,"Steuerberater (m/w/d) in Dortmund, auf Wunsch mit Partnerperspektive, gesucht - mindestens 90.000€",Dortmund,False,https://www.arbeitnow.com/jobs/companies/taxtalentede/steuerberater-in-dortmund-auf-wunsch-mit-partnerperspektive-gesucht-mindestens-90000eur-202882,1752244743,"Directors, Chief Executives",,
referent-des-cfo-frankfurt-251433,Fricke Finance & Legal,Referent des CFO (m/w/d),Frankfurt,False,https://www.arbeitnow.com/jobs/companies/fricke-finance-legal/referent-des-cfo-frankfurt-251433,1752244743,Finance,berufserfahren,
it-produktmanager-finanzsysteme-stuttgart-104119,univativ GmbH,IT Produktmanager (m/w/d) Finanzsysteme,Stuttgart,False,https://www.arbeitnow.com/jobs/companies/univativ-gmbh/it-produktmanager-finanzsysteme-stuttgart-104119,1752244743,IT,,
senior-partnerships-manager-all-genders-berlin-356670,Babbel,Senior Partnerships Manager (all genders),Berlin,False,https://www.arbeitnow.com/jobs/companies/babbel/senior-partnerships-manager-all-genders-berlin-356670,1752244743,Business Development,,
senior-hr-data-analyst-munich-66989,Flix,Senior HR Data Analyst (m/f/d),"Munich, Bavaria, Germany",False,https://www.arbeitnow.com/jobs/companies/flix/senior-hr-data-analyst-munich-66989,1752241513,,,
senior-hr-data-analyst-berlin-326592,Flix,Senior HR Data Analyst (m/f/d),"Berlin, Berlin, Germany",False,https://www.arbeitnow.com/jobs/companies/flix/senior-hr-data-analyst-berlin-326592,1752241513,,,
senior-people-analyst-munich-306706,Flix,Senior People Analyst (m/f/d),"Munich, Bavaria, Germany",False,https://www.arbeitnow.com/jobs/companies/flix/senior-people-analyst-munich-306706,1752241513,,,
travel-intrapreneur-start-your-own-travel-brand-inclusive-travel-berlin-202828,Ventura TRAVEL,Travel Intrapreneur - Start your Own Travel Brand Inclusive Travel,"Berlin, Berlin, Germany",False,https://www.arbeitnow.com/jobs/companies/ventura-travel/travel-intrapreneur-start-your-own-travel-brand-inclusive-travel-berlin-202828,1752241512,,,
travel-intrapreneur-trekking-hiking-tours-berlin-52588,Ventura TRAVEL,Travel Intrapreneur (Trekking - Hiking Tours),"Berlin, Berlin, Germany",False,https://www.arbeitnow.com/jobs/companies/ventura-travel/travel-intrapreneur-trekking-hiking-tours-berlin-52588,1752241512,,,
travel-intrapreneur-start-your-own-travel-brand-central-asia-tours-berlin-43064,Ventura TRAVEL,Travel Intrapreneur - Start your Own Travel Brand (Central Asia tours),"Berlin, Berlin, Germany",False,https://www.arbeitnow.com/jobs/companies/ventura-travel/travel-intrapreneur-start-your-own-travel-brand-central-asia-tours-berlin-43064,1752241512,,,
travel-intrapreneur-start-your-own-travel-brand-family-trips-berlin-390728,Ventura TRAVEL,Travel Intrapreneur - Start your Own Travel Brand (Family Trips),"Berlin, Berlin, Germany",False,https://www.arbeitnow.com/jobs/companies/ventura-travel/travel-intrapreneur-start-your-own-travel-brand-family-trips-berlin-390728,1752241512,,,
merchant-changes-associate-berlin-29662,Wolt - English,Merchant Changes Associate,"Berlin, Berlin, Germany",False,https://www.arbeitnow.com/jobs/companies/wolt-english/merchant-changes-associate-berlin-29662,1752241511,,,
audio-video-support-engineer-on-site-munich-116672,youdidIT for projects at European Commission/European Patent Office,Audio-Video Support Engineer/On-Site Munich,Munich,False,https://www.arbeitnow.com/jobs/companies/youdidit-for-projects-at-european-commissioneuropean-patent-office/audio-video-support-engineer-on-site-munich-116672,1752241144,"Consulting, Engineering",,
medical-customer-service-representative-elternzeitvertretung-munchen-flughafen-112658,Subject Well Inc.,Medical Customer Service Representative (Elternzeitvertretung),München-Flughafen,True,https://www.arbeitnow.com/jobs/companies/subject-well-inc/medical-customer-service-representative-elternzeitvertretung-munchen-flughafen-112658,1752241144,"Remote, Customer Service","Contract, berufserfahren",
grafik-designer-hagen-129503,Optimedia Consulting GmbH,Grafik Designer,Hagen,False,https://www.arbeitnow.com/jobs/companies/optimedia-consulting-gmbh/grafik-designer-hagen-129503,1752241144,Social Media Manager,berufserfahren,
marketplace-specialist-aachen-23748,Mathes Design GmbH,Marketplace Specialist (m/w/d),Aachen,False,https://www.arbeitnow.com/jobs/companies/mathes-design-gmbh/marketplace-specialist-aachen-23748,1752241144,Marketing and Communication,"Contract, berufserfahren",
praktikant-human-resources-am-standort-leipzig-410341,allaboutHRLaw GmbH,Praktikant (m/w/d) Human Resources am Standort Leipzig,Leipzig,False,https://www.arbeitnow.com/jobs/companies/allabouthrlaw-gmbh/praktikant-human-resources-am-standort-leipzig-410341,1752241144,HR,Internship,
videograf-hagen-462644,Optimedia Consulting GmbH,Videograf,Hagen,False,https://www.arbeitnow.com/jobs/companies/optimedia-consulting-gmbh/videograf-hagen-462644,1752241144,Social Media Manager,berufserfahren,
kreditspezialist-cham-279646,Sparkasse im Landkreis Cham,Kreditspezialist (m/w/d),Cham,False,https://www.arbeitnow.com/jobs/companies/sparkasse-im-landkreis-cham/kreditspezialist-cham-279646,1752241144,Finance,,
koordinator-fur-shop-marktplatze-munster-143599,Pinolino Kinderträume GmbH,Koordinator für Shop & Marktplätze,Münster,False,https://www.arbeitnow.com/jobs/companies/pinolino-kindertraume-gmbh/koordinator-fur-shop-marktplatze-munster-143599,1752241144,Distribution Marketing,,
quereinsteiger-als-ernahrungs-fitnesscoach-vollzeit-hanover-465869,Bahmann Coaching GmbH,Quereinsteiger als Ernährungs- & Fitnesscoach - Vollzeit (m/w/d),Hanover,False,https://www.arbeitnow.com/jobs/companies/bahmann-coaching-gmbh/quereinsteiger-als-ernahrungs-fitnesscoach-vollzeit-hanover-465869,1752241144,Business Consulting,berufserfahren,
senior-backend-php-engineer-berlin-375178,KoRo Handels GmbH,Senior Backend PHP Engineer (m/f/d),Berlin,False,https://www.arbeitnow.com/jobs/companies/koro-handels-gmbh/senior-backend-php-engineer-berlin-375178,1752241144,Software Development,professional / experienced,
senior-product-project-manager-food-hybrid-oder-remote-40h-woche-munich-173813,Buah GmbH,"Senior Product PROJECT Manager Food (w/m/d), Hybrid oder Remote - 40h/ Woche",Munich,True,https://www.arbeitnow.com/jobs/companies/buah-gmbh/senior-product-project-manager-food-hybrid-oder-remote-40h-woche-munich-173813,1752241144,"Remote, Marketing and Communication",berufserfahren,
ausbildung-zum-zur-steuerfachangestellten-flensburg-329797,Methmann & Hansen Steuerberatungsgesellschaft mbH,Ausbildung zum/zur Steuerfachangestellten (m/w/d),Flensburg,False,https://www.arbeitnow.com/jobs/companies/methmann-hansen-steuerberatungsgesellschaft-mbh/ausbildung-zum-zur-steuerfachangestellten-flensburg-329797,1752241144,Finance,,
elektrotechniker-fur-betriebstechnik-hallbergmoos-414519,univativ GmbH,Elektrotechniker (m/w/d) für Betriebstechnik,Hallbergmoos,False,https://www.arbeitnow.com/jobs/companies/univativ-gmbh/elektrotechniker-fur-betriebstechnik-hallbergmoos-414519,1752237544,Engineering,,
senior-full-stack-engineer-reactjs-net-remote-europe-hamburg-350688,Boardwise | Gertrud digital GmbH,Senior Full Stack Engineer - ReactJS & .NET (Remote | Europe) (f/m/d),Hamburg,True,https://www.arbeitnow.com/jobs/companies/boardwise-gertrud-digital-gmbh/senior-full-stack-engineer-reactjs-net-remote-europe-hamburg-350688,1752237544,"Remote, Software Development",professional / experienced,
marketing-manager-gn-berlin-21807,Plunet GmbH,Marketing Manager (gn),Berlin,False,https://www.arbeitnow.com/jobs/companies/plunet-gmbh/marketing-manager-gn-berlin-21807,1752237544,Marketing Manager,,
audio-video-support-engineer-on-site-munich-290026,youdidIT for projects at European Commission/European Patent Office,Audio-Video Support Engineer/On-Site Munich,Munich,False,https://www.arbeitnow.com/jobs/companies/youdidit-for-projects-at-european-commissioneuropean-patent-office/audio-video-support-engineer-on-site-munich-290026,1752237544,"Consulting, Engineering",,
sachbearbeiter-personalwesen-bayreuth-53617,univativ GmbH,Sachbearbeiter (m/w/d) Personalwesen,Bayreuth,False,https://www.arbeitnow.com/jobs/companies/univativ-gmbh/sachbearbeiter-personalwesen-bayreuth-53617,1752237544,HR,,
finance-business-partner-controlling-fpa-berlin-445601,Gymondo GmbH,Finance Business Partner (m/w/d) - Controlling & FP&A,Berlin,False,https://www.arbeitnow.com/jobs/companies/gymondo-gmbh/finance-business-partner-controlling-fpa-berlin-445601,1752237544,Finance,berufserfahren,
werkstudent-change-ruckwarenregelungsprozesse-qualitatsmanagement-norderstedt-384921,Waldemar Link GmbH & Co. KG,Werkstudent (m/w/d) Change & Rückwarenregelungsprozesse  – Qualitätsmanagement,Norderstedt,False,https://www.arbeitnow.com/jobs/companies/waldemar-link-gmbh-co-kg/werkstudent-change-ruckwarenregelungsprozesse-qualitatsmanagement-norderstedt-384921,1752237544,Business Operations,"Internship, berufseinstieg",
werkstudent-it-support-norderstedt-495918,Waldemar Link GmbH & Co. KG,Werkstudent IT-Support (m/w/d),Norderstedt,False,https://www.arbeitnow.com/jobs/companies/waldemar-link-gmbh-co-kg/werkstudent-it-support-norderstedt-495918,1752237544,Software Development,"Internship, hilfstätigkeit / student",
backend-engineer-developer-berlin-4278,acemate.ai,Backend Engineer / Developer,Berlin,False,https://www.arbeitnow.com/jobs/companies/acemateai/backend-engineer-developer-berlin-4278,1752237544,Software Development,entry,
werkstudent-mini-jobber-offentlichkeitsarbeit-und-kommunikation-bei-der-microbubbles-gmbh-bayreuth-41805,interim Group,Werkstudent / Mini-Jobber Öffentlichkeitsarbeit Und Kommunikation (M/W/D) Bei Der Microbubbles Gmbh,Bayreuth,False,https://www.arbeitnow.com/jobs/companies/interim-group/werkstudent-mini-jobber-offentlichkeitsarbeit-und-kommunikation-bei-der-microbubbles-gmbh-bayreuth-41805,1752237544,Marketing and Communication,Working student,
werkstudent-in-software-engineering-frontend-engineering-ux-design-wurzburg-349120,AXSOL GmbH,Werkstudent/in (m/w/d) Software Engineering - Frontend Engineering & UX Design,Würzburg,False,https://www.arbeitnow.com/jobs/companies/axsol-gmbh/werkstudent-in-software-engineering-frontend-engineering-ux-design-wurzburg-349120,1752237544,Software Development,Working student,
financial-controller-fpa-business-partnering-berlin-38834,Gymondo GmbH,Financial Controller (m/w/d) – FP&A & Business Partnering,Berlin,False,https://www.arbeitnow.com/jobs/companies/gymondo-gmbh/financial-controller-fpa-business-partnering-berlin-38834,1752237544,Finance,berufserfahren,
call-center-agent-im-vertrieb-gesucht-all-genders-lubeck-90626,asf GmbH Lübeck,Call Center Agent im Vertrieb gesucht (all genders),Lübeck,False,https://www.arbeitnow.com/jobs/companies/asf-gmbh-lubeck/call-center-agent-im-vertrieb-gesucht-all-genders-lubeck-90626,1752237544,Distribution Marketing,,
werkstudent-in-software-engineering-iot-systems-integration-wurzburg-304521,AXSOL GmbH,Werkstudent/in Software Engineering - IoT Systems & Integration (m/w/d),Würzburg,False,https://www.arbeitnow.com/jobs/companies/axsol-gmbh/werkstudent-in-software-engineering-iot-systems-integration-wurzburg-304521,1752233944,Software Development,Working student,
full-stack-software-engineer-typescript-berlin-290020,TaxTech (Stealth),Full-Stack Software Engineer (TypeScript),Berlin,False,https://www.arbeitnow.com/jobs/companies/taxtech-stealth/full-stack-software-engineer-typescript-berlin-290020,1752233944,Software Development,professional / experienced,
marketingverantwortliche-berlin-403378,Sinceritas,Marketingverantwortliche (m/w/d),Berlin,False,https://www.arbeitnow.com/jobs/companies/sinceritas/marketingverantwortliche-berlin-403378,1752233944,Marketing and Communication,,
it-projektmanager-bogen-333404,univativ GmbH,IT-Projektmanager (m/w/d),Bogen,False,https://www.arbeitnow.com/jobs/companies/univativ-gmbh/it-projektmanager-bogen-333404,1752233944,IT,,
bilanzbuchhalter-home-office-stuttgart-244719,PRIME HR Agentur®,Bilanzbuchhalter (m/w/d) Home Office,Stuttgart,False,https://www.arbeitnow.com/jobs/companies/prime-hr-agentur/bilanzbuchhalter-home-office-stuttgart-244719,1752233944,Finance,,
steuerberater-in-koln-auf-wunsch-mit-partnerperspektive-gesucht-mindestens-90000eur-cologne-22729,Taxtalente.de,"Steuerberater (m/w/d) in Köln, auf Wunsch mit Partnerperspektive, gesucht - mindestens 90.000€",Cologne,False,https://www.arbeitnow.com/jobs/companies/taxtalentede/steuerberater-in-koln-auf-wunsch-mit-partnerperspektive-gesucht-mindestens-90000eur-cologne-22729,1752233944,"Directors, Chief Executives",,
steuerberater-in-dusseldorf-auf-wunsch-mit-partnerperspektive-gesucht-mindestens-90000eur-464052,Taxtalente.de,"Steuerberater (m/w/d) in Düsseldorf, auf Wunsch mit Partnerperspektive, gesucht - mindestens 90.000€",Düsseldorf,False,https://www.arbeitnow.com/jobs/companies/taxtalentede/steuerberater-in-dusseldorf-auf-wunsch-mit-partnerperspektive-gesucht-mindestens-90000eur-464052,1752233944,"Directors, Chief Executives",,
consultant-coach-hamburg-419046,Finally Freelancing GmbH,Consultant / Coach (m/w/d),Hamburg,False,https://www.arbeitnow.com/jobs/companies/finally-freelancing-gmbh/consultant-coach-hamburg-419046,1752233944,Customer Service,berufserfahren,
personalsachbearbeiter-in-hr-specialist-in-teilzeit-20-25h-woche-frankfurt-69699,curasan AG,Personalsachbearbeiter/in / HR Specialist (m/w/d) in Teilzeit (20-25h/Woche),Frankfurt,False,https://www.arbeitnow.com/jobs/companies/curasan-ag/personalsachbearbeiter-in-hr-specialist-in-teilzeit-20-25h-woche-frankfurt-69699,1752233944,Administration,berufserfahren,
debitorenbuchhalter-planegg-173015,epay | transact Elektronische Zahlungssysteme GmbH,Debitorenbuchhalter (m/w/d),Planegg,False,https://www.arbeitnow.com/jobs/companies/epay-transact-elektronische-zahlungssysteme-gmbh/debitorenbuchhalter-planegg-173015,1752230345,Accounts Receivable,berufserfahren,
head-of-marketing-cologne-230439,enua Pharma GmbH,Head of Marketing (w/m/d),Cologne,False,https://www.arbeitnow.com/jobs/companies/enua-pharma-gmbh/head-of-marketing-cologne-230439,1752230345,Marketing and Communication,teamleitung,
agiler-erp-consultant-im-raum-ulm-gesucht-397977,Intercon Solutions GmbH,Agiler ERP-Consultant (m/w/d) im Raum Ulm gesucht!,Ulm,False,https://www.arbeitnow.com/jobs/companies/intercon-solutions-gmbh/agiler-erp-consultant-im-raum-ulm-gesucht-397977,1752230345,"SAP/ERP Consulting, Development",,
symphatischer-erp-consultant-im-raum-boblingen-gesucht-33765,Intercon Solutions GmbH,Symphatischer ERP-Consultant (m/w/d) im Raum Böblingen gesucht!,Böblingen,False,https://www.arbeitnow.com/jobs/companies/intercon-solutions-gmbh/symphatischer-erp-consultant-im-raum-boblingen-gesucht-33765,1752230345,"SAP/ERP Consulting, Development",,
ambitionierter-erp-consultant-im-raum-pforzheim-gesucht-399644,Intercon Solutions GmbH,Ambitionierter ERP-Consultant (m/w/d) im Raum Pforzheim gesucht!,Pforzheim,False,https://www.arbeitnow.com/jobs/companies/intercon-solutions-gmbh/ambitionierter-erp-consultant-im-raum-pforzheim-gesucht-399644,1752230345,"SAP/ERP Consulting, Development",,
motivierter-erp-consultant-im-raum-sindelfingen-gesucht-72505,Intercon Solutions GmbH,Motivierter ERP-Consultant (m/w/d) im Raum Sindelfingen  gesucht!,Sindelfingen,False,https://www.arbeitnow.com/jobs/companies/intercon-solutions-gmbh/motivierter-erp-consultant-im-raum-sindelfingen-gesucht-72505,1752230345,"SAP/ERP Consulting, Development",,
sachbearbeiter-bankprozesse-administration-bad-essen-337804,univativ GmbH,Sachbearbeiter (m/w/d) Bankprozesse & Administration,Bad Essen,False,https://www.arbeitnow.com/jobs/companies/univativ-gmbh/sachbearbeiter-bankprozesse-administration-bad-essen-337804,1752230345,Finance,,
werkstudent-ki-seo-und-ki-automation-munich-99554,The Marketer,Werkstudent (m/w/d) KI-SEO und KI-Automation,Munich,False,https://www.arbeitnow.com/jobs/companies/the-marketer/werkstudent-ki-seo-und-ki-automation-munich-99554,1752230345,Graphic Arts and Communication Design,Working student,
customer-care-agentin-d-berlin-356021,MILES Mobility,Customer Care Agent:in (w/m/x/d),Berlin,False,https://www.arbeitnow.com/jobs/companies/miles-mobility/customer-care-agentin-d-berlin-356021,1752230345,Customer Service,berufseinstieg,
finanzbuchhalter-accounting-specialist-krefeld-35877,Schüttflix Group,"Finanzbuchhalter / Accounting Specialist (m/w/d), Krefeld",Krefeld,False,https://www.arbeitnow.com/jobs/companies/schuttflix-group/finanzbuchhalter-accounting-specialist-krefeld-35877,1752230345,Finance,berufserfahren,
interviewer-innen-fur-telefon-befragungen-minijob-im-homeoffice-taunusstein-447271,rilaton GmbH,Interviewer/innen für Telefon-Befragungen - Minijob im Homeoffice,Taunusstein,True,https://www.arbeitnow.com/jobs/companies/rilaton-gmbh/interviewer-innen-fur-telefon-befragungen-minijob-im-homeoffice-taunusstein-447271,1752230345,"Remote, Market Research, Analysis",Side,
quereinsteiger-vertrieb-erfurt-89562,NH Concept,Quereinsteiger Vertrieb (m/w/d),Erfurt,False,https://www.arbeitnow.com/jobs/companies/nh-concept/quereinsteiger-vertrieb-erfurt-89562,1752230345,Distribution Marketing,,
face-to-face-fundraiser-am-flughafen-koln-cologne-436119,LiveRing Gmbh,Face-to-face Fundraiser (m/w/d) am Flughafen Köln,Cologne,False,https://www.arbeitnow.com/jobs/companies/livering-gmbh/face-to-face-fundraiser-am-flughafen-koln-cologne-436119,1752230345,Distribution Marketing,hilfstätigkeit / student,
praktikum-im-bereich-energiedatenanalyse-nachhaltige-energiesysteme-cologne-163303,concept-e,Praktikum im Bereich Energiedatenanalyse & Nachhaltige Energiesysteme,Cologne,False,https://www.arbeitnow.com/jobs/companies/concept-e/praktikum-im-bereich-energiedatenanalyse-nachhaltige-energiesysteme-cologne-163303,1752230345,Power Engineering and Environmental Engineering,"Internship, hilfstätigkeit / student",
techniker-werkstatt-kalibrierlabor-filderstadt-339036,MESA Filderstadt,Techniker Werkstatt & Kalibrierlabor (m/w/d),Filderstadt,False,https://www.arbeitnow.com/jobs/companies/mesa-filderstadt/techniker-werkstatt-kalibrierlabor-filderstadt-339036,1752230345,Engineering,,
copywriterin-all-gender-hamburg-265733,deepblue networks AG,Copywriter*in (all gender),Hamburg,False,https://www.arbeitnow.com/jobs/companies/deepblue-networks-ag/copywriterin-all-gender-hamburg-265733,1752230345,Marketing and Communication,,
akribischer-frontend-entwickler-angular-im-raum-munchen-gesucht-munich-39980,Intercon Solutions GmbH,Akribischer Frontend-Entwickler-Angular (m/w/d) im Raum München gesucht!,Munich,False,https://www.arbeitnow.com/jobs/companies/intercon-solutions-gmbh/akribischer-frontend-entwickler-angular-im-raum-munchen-gesucht-munich-39980,1752230345,"SAP/ERP Consulting, Development",,
copywriterin-fokus-ki-all-gender-hamburg-110938,deepblue networks AG,Copywriter*in | Fokus KI (all gender),Hamburg,False,https://www.arbeitnow.com/jobs/companies/deepblue-networks-ag/copywriterin-fokus-ki-all-gender-hamburg-110938,1752230345,Marketing and Communication,,
bauleiter-elektrotechnik-kraftwerk-gundremmingen-101515,NES Global Deutschland GmbH / NES Fircroft,Bauleiter (m/w/d) Elektrotechnik Kraftwerk Gundremmingen,Gundremmingen,False,https://www.arbeitnow.com/jobs/companies/nes-global-deutschland-gmbh-nes-fircroft/bauleiter-elektrotechnik-kraftwerk-gundremmingen-101515,1752230345,Engineering,,
senior-social-media-manager-remote-ditzingen-225439,ZEP GmbH,(Senior) Social Media Manager (m/w/d) -  Remote,Ditzingen,True,https://www.arbeitnow.com/jobs/companies/zep-gmbh/senior-social-media-manager-remote-ditzingen-225439,1752230345,"Remote, Social Media Manager",berufserfahren,
projektassistent-in-hamburg-402090,NES Global Deutschland GmbH / NES Fircroft,Projektassistent/in (m/w/d),Hamburg,False,https://www.arbeitnow.com/jobs/companies/nes-global-deutschland-gmbh-nes-fircroft/projektassistent-in-hamburg-402090,1752230345,Administration and Secretariat,berufserfahren,
revisor-it-hanover-28860,univativ GmbH,Revisor (m/w/d) IT,Hanover,False,https://www.arbeitnow.com/jobs/companies/univativ-gmbh/revisor-it-hanover-28860,1752230345,IT,,
analyst-beteiligungsmanagement-hanover-143955,univativ GmbH,Analyst (m/w/d) Beteiligungsmanagement,Hanover,False,https://www.arbeitnow.com/jobs/companies/univativ-gmbh/analyst-beteiligungsmanagement-hanover-143955,1752230345,Finance,,
network-cloud-engineer-cologne-215038,Polarstern Experts,Network Cloud Engineer (m/w/d),Cologne,False,https://www.arbeitnow.com/jobs/companies/polarstern-experts/network-cloud-engineer-cologne-215038,1752226744,Information Systems,berufserfahren,
steuerberater-perspektive-in-einer-modernen-kanzlei-berlin-235554,Schwertfels Consulting GmbH,Steuerberater (m/w/d) - Perspektive in einer modernen Kanzlei,Berlin,False,https://www.arbeitnow.com/jobs/companies/schwertfels-consulting-gmbh/steuerberater-perspektive-in-einer-modernen-kanzlei-berlin-235554,1752226744,Finance,,
hr-business-partner-neuss-383360,Garlock GmbH,HR-Business Partner (M/W/D),Neuss,False,https://www.arbeitnow.com/jobs/companies/garlock-gmbh/hr-business-partner-neuss-383360,1752226744,HR,,
werkstudentin-fur-das-tigermedia-support-team-hamburg-146633,Tiger Media Deutschland GmbH,Werkstudent*in für das Tigermedia-Support-Team,Hamburg,False,https://www.arbeitnow.com/jobs/companies/tiger-media-deutschland-gmbh/werkstudentin-fur-das-tigermedia-support-team-hamburg-146633,1752226744,Marketing and Communication,hilfstätigkeit / student,
kundenbetreuung-in-neubrandenburg-35597,ms consultpartner,Kundenbetreuung (m/w/d) in Neubrandenburg,Neubrandenburg,False,https://www.arbeitnow.com/jobs/companies/ms-consultpartner/kundenbetreuung-in-neubrandenburg-35597,1752226744,Customer Service,,
werkstudent-compliance-frankfurt-182909,univativ GmbH,Werkstudent (m/w/d) Compliance,Frankfurt,False,https://www.arbeitnow.com/jobs/companies/univativ-gmbh/werkstudent-compliance-frankfurt-182909,1752226744,Finance,,
junior-eventmanager-berlin-96343,O'Donnell Moonshine,Junior Eventmanager (w/m/d),Berlin,False,https://www.arbeitnow.com/jobs/companies/odonnell-moonshine/junior-eventmanager-berlin-96343,1752226744,Project Management,"Contract, berufserfahren",
junior-digital-marketing-manager-paid-owned-media-everyone-is-welcome-berlin-55228,Sirius Facilities GmbH,Junior Digital Marketing Manager (Paid & Owned Media) (everyone is welcome)  Berlin,Berlin,False,https://www.arbeitnow.com/jobs/companies/sirius-facilities-gmbh/junior-digital-marketing-manager-paid-owned-media-everyone-is-welcome-berlin-55228,1752226744,Marketing and Communication,berufserfahren,
fachinformatiker-systemintegration-kiel-430461,K-tronik GmbH,Fachinformatiker Systemintegration (m/w/x),Kiel,False,https://www.arbeitnow.com/jobs/companies/k-tronik-gmbh/fachinformatiker-systemintegration-kiel-430461,1752226744,Engineering,berufserfahren,
cad-konstrukteur-erlangen-129830,K-tronik GmbH,CAD Konstrukteur (m/w/x),Erlangen,False,https://www.arbeitnow.com/jobs/companies/k-tronik-gmbh/cad-konstrukteur-erlangen-129830,1752226744,Engineering,berufserfahren,
finanzmanagerin-controllerin-im-bereich-digitalisierung-der-bildung-berlin-284492,ssystems GmbH,Finanzmanager:in / Controller:in im Bereich Digitalisierung der Bildung,Berlin,False,https://www.arbeitnow.com/jobs/companies/ssystems-gmbh/finanzmanagerin-controllerin-im-bereich-digitalisierung-der-bildung-berlin-284492,1752226744,"Directors, Chief Executives",berufserfahren,
niederlassungsleiterin-branchmanagerin-am-standort-regensburg-7486,Annette Wittram - AWi Personalvermittlung und Bewerbercoaching,Niederlassungsleiter*in - Branchmanager*in am Standort Regensburg,Regensburg,False,https://www.arbeitnow.com/jobs/companies/annette-wittram-awi-personalvermittlung-und-bewerbercoaching/niederlassungsleiterin-branchmanagerin-am-standort-regensburg-7486,1752226744,"Management, Team Leader",,
performance-marketing-manager-sea-focus-with-e-commerce-background-berlin-260961,Momenterie,Performance Marketing Manager (f/m/d) - SEA Focus with E-Commerce Background,Berlin,False,https://www.arbeitnow.com/jobs/companies/momenterie/performance-marketing-manager-sea-focus-with-e-commerce-background-berlin-260961,1752226744,Marketing and Communication,,
senior-devops-engineer-pki-und-sbd-cologne-435601,Polarstern Experts,Senior DevOps Engineer (m/w/d) PKI und SBD,Cologne,False,https://www.arbeitnow.com/jobs/companies/polarstern-experts/senior-devops-engineer-pki-und-sbd-cologne-435601,1752226744,Software Development,,
werkstudent-marketing-kundenakquise-stuttgart-22098,ipi Institute für Produkt-Markt-Forschung GmbH,"Werkstudent (m/w/d), Marketing & Kundenakquise",Stuttgart,False,https://www.arbeitnow.com/jobs/companies/ipi-institute-fur-produkt-markt-forschung-gmbh/werkstudent-marketing-kundenakquise-stuttgart-22098,1752226744,Marketing and Communication,,
niederlassungsleiterin-branch-managerin-am-standort-wiesbaden-248182,Annette Wittram - AWi Personalvermittlung und Bewerbercoaching,Niederlassungsleiter*in - Branch Manager*in am Standort Wiesbaden,Wiesbaden,False,https://www.arbeitnow.com/jobs/companies/annette-wittram-awi-personalvermittlung-und-bewerbercoaching/niederlassungsleiterin-branch-managerin-am-standort-wiesbaden-248182,1752226744,"Management, Team Leader",berufserfahren,
experte-in-explosionsschutz-oer-erkenschwick-175765,BAHREX Consulting GmbH,Experte/in Explosionsschutz (m/w/d),Oer-Erkenschwick,False,https://www.arbeitnow.com/jobs/companies/bahrex-consulting-gmbh/experte-in-explosionsschutz-oer-erkenschwick-175765,1752226744,Engineering,berufserfahren,
infrastructure-cloud-engineer-cologne-438452,Polarstern Experts,Infrastructure Cloud Engineer (m/w/d),Cologne,False,https://www.arbeitnow.com/jobs/companies/polarstern-experts/infrastructure-cloud-engineer-cologne-438452,1752226744,Applications Administration,,
senior-personal-und-vertriebsdisponentin-am-standort-ulm-410054,Annette Wittram - AWi Personalvermittlung und Bewerbercoaching,Senior-Personal- und Vertriebsdisponent*in am Standort Ulm,Ulm,False,https://www.arbeitnow.com/jobs/companies/annette-wittram-awi-personalvermittlung-und-bewerbercoaching/senior-personal-und-vertriebsdisponentin-am-standort-ulm-410054,1752226744,Compensation and Benefits,berufserfahren,
performance-marketing-manager-sea-fokus-mit-e-commerce-background-berlin-85326,Momenterie,Performance Marketing Manager (m/w/d) - SEA-Fokus mit E-Commerce-Background,Berlin,False,https://www.arbeitnow.com/jobs/companies/momenterie/performance-marketing-manager-sea-fokus-mit-e-commerce-background-berlin-85326,1752226744,Marketing and Communication,,
network-engineer-karlsruhe-436245,IONOS SE,Network Engineer (w/m/d),Karlsruhe,False,https://www.arbeitnow.com/jobs/companies/ionos-se/network-engineer-karlsruhe-436245,1752226744,System and Network Administration,,
branch-managerin-am-standort-straubing-320172,Annette Wittram - AWi Personalvermittlung und Bewerbercoaching,Branch Manager*in am Standort Straubing,Straubing,False,https://www.arbeitnow.com/jobs/companies/annette-wittram-awi-personalvermittlung-und-bewerbercoaching/branch-managerin-am-standort-straubing-320172,1752223145,"Management, Team Leader",berufserfahren,
